index,Bacteria;Bacteroidota;Bacteroidia;Bacteroidales;Muribaculaceae;;,Bacteria;Firmicutes;Bacilli;RF39;;;,Bacteria;Firmicutes;Bacilli;Lactobacillales;Lactobacillaceae;Limosilactobacillus;,Bacteria;Firmicutes;Clostridia;Lachnospirales;Lachnospiraceae;Blautia;coccoides,Bacteria;Firmicutes;Bacilli;Erysipelotrichales;Erysipelotrichaceae;Dubosiella;newyorkensis,Bacteria;Firmicutes;Clostridia;Oscillospirales;Oscillospiraceae;Oscillibacter;,Bacteria;Firmicutes;Bacilli;Erysipelotrichales;Erysipelotrichaceae;Turicibacter;sanguinis,Bacteria;Firmicutes;Bacilli;Lactobacillales;Lactobacillaceae;Lactobacillus;taiwanensis,Bacteria;Bacteroidota;Bacteroidia;Bacteroidales;Bacteroidaceae;Bacteroides;,Bacteria;Actinobacteriota;Coriobacteriia;Coriobacteriales;Eggerthellaceae;Enterorhabdus;,Bacteria;Firmicutes;Clostridia;Lachnospirales;Lachnospiraceae;Acetatifactor;,Bacteria;Firmicutes;Bacilli;Lactobacillales;Lactobacillaceae;Lactobacillus;,Bacteria;Firmicutes;Clostridia;Oscillospirales;Oscillospiraceae;;,Bacteria;Firmicutes;Clostridia;Lachnospirales;Lachnospiraceae;;,Bacteria;Firmicutes;Clostridia;Lachnospirales;Lachnospiraceae;Lachnoclostridium;,Bacteria;Firmicutes;Clostridia;Oscillospirales;Ruminococcaceae;;,Bacteria;Firmicutes;Clostridia;Lachnospirales;Lachnospiraceae;Lachnospiraceae NK4A136 group;,Bacteria;Firmicutes;Clostridia;Peptostreptococcales-Tissierellales;Anaerovoracaceae;[Eubacterium] nodatum group;,Bacteria;Firmicutes;Clostridia;Oscillospirales;Oscillospiraceae;Colidextribacter;,Bacteria;Firmicutes;Bacilli;Erysipelotrichales;Erysipelotrichaceae;Faecalibaculum;rodentium,Bacteria;Firmicutes;Clostridia;Clostridia UCG-014;;;,Bacteria;Firmicutes;Clostridia;Peptococcales;Peptococcaceae;;,Bacteria;Firmicutes;Clostridia;Lachnospirales;Lachnospiraceae;Lachnospiraceae UCG-001;,Bacteria;Firmicutes;Bacilli;Erysipelotrichales;Erysipelotrichaceae;Turicibacter;,Bacteria;Bacteroidota;Bacteroidia;Bacteroidales;Rikenellaceae;Alistipes;,Bacteria;Firmicutes;Clostridia;Clostridiales;Clostridiaceae;Clostridium sensu stricto 1;,Bacteria;Firmicutes;Bacilli;Lactobacillales;Lactobacillaceae;Lactobacillus;prophage,Bacteria;Firmicutes;Clostridia;Oscillospirales;Ruminococcaceae;Anaerotruncus;,Bacteria;Firmicutes;Clostridia;Lachnospirales;;;,Bacteria;Firmicutes;Clostridia;Lachnospirales;Lachnospiraceae;[Eubacterium] xylanophilum group;,Bacteria;;;;;;,Bacteria;Firmicutes;Clostridia;Oscillospirales;Oscillospiraceae;UCG-003;,Bacteria;Firmicutes;Clostridia;Oscillospirales;Oscillospiraceae;Intestinimonas;,Bacteria;Firmicutes;Clostridia;Clostridia vadinBB60 group;;;,Bacteria;Firmicutes;Bacilli;Lactobacillales;Lactobacillaceae;HT002;,Bacteria;Firmicutes;Clostridia;Oscillospirales;;;,Bacteria;Bacteroidota;Bacteroidia;Bacteroidales;Rikenellaceae;Alistipes;obesi,Bacteria;Verrucomicrobiota;Verrucomicrobiae;Verrucomicrobiales;Akkermansiaceae;Akkermansia;muciniphila,Bacteria;Firmicutes;Clostridia;Monoglobales;Monoglobaceae;Monoglobus;,Bacteria;Firmicutes;Clostridia;Lachnospirales;Lachnospiraceae;Roseburia;,Bacteria;Firmicutes;;;;;,Bacteria;Firmicutes;Clostridia;Oscillospirales;Ruminococcaceae;Ruminococcus;,Bacteria;Firmicutes;Clostridia;Lachnospirales;Lachnospiraceae;Marvinbryantia;,Bacteria;Firmicutes;Bacilli;Erysipelotrichales;Erysipelotrichaceae;Faecalibaculum;,Bacteria;Firmicutes;Clostridia;Oscillospirales;Ruminococcaceae;Incertae Sedis;,Bacteria;Firmicutes;Bacilli;Lactobacillales;Lactobacillaceae;Lactobacillus;kitasatonis,Bacteria;Firmicutes;Bacilli;;;;,Bacteria;Bacteroidota;Bacteroidia;;;;,Bacteria;Bacteroidota;Bacteroidia;Bacteroidales;Bacteroidaceae;Bacteroides;thetaiotaomicron,Bacteria;Proteobacteria;Gammaproteobacteria;Burkholderiales;Sutterellaceae;Parasutterella;,Bacteria;Firmicutes;Bacilli;Erysipelotrichales;Erysipelotrichaceae;Ileibacterium;valens,Bacteria;Firmicutes;Clostridia;Lachnospirales;Lachnospiraceae;[Eubacterium] ventriosum group;,Bacteria;Bacteroidota;Bacteroidia;Bacteroidales;;;,Bacteria;Firmicutes;Clostridia;Peptostreptococcales-Tissierellales;Peptostreptococcaceae;Romboutsia;ilealis,Bacteria;Firmicutes;Clostridia;Peptostreptococcales-Tissierellales;Anaerovoracaceae;Family XIII UCG-001;,Bacteria;Firmicutes;Clostridia;Lachnospirales;Lachnospiraceae;A2;,Bacteria;Firmicutes;Clostridia;Oscillospirales;UCG-010;;,Bacteria;Firmicutes;Bacilli;Lactobacillales;Lactobacillaceae;Lacticaseibacillus;,Bacteria;Firmicutes;Bacilli;Erysipelotrichales;Erysipelotrichaceae;;,Bacteria;Actinobacteriota;Coriobacteriia;Coriobacteriales;Eggerthellaceae;Asaccharobacter;,Bacteria;Firmicutes;Clostridia;Lachnospirales;Lachnospiraceae;Acetatifactor;muris,Bacteria;Firmicutes;Clostridia;Lachnospirales;Lachnospiraceae;Lachnospiraceae NK4A136 group;bacterium,Bacteria;Firmicutes;Clostridia;Peptostreptococcales-Tissierellales;Peptostreptococcaceae;Romboutsia;,Bacteria;Firmicutes;Clostridia;Clostridiales;Clostridiaceae;Clostridium sensu stricto 1;saudiense,Bacteria;Firmicutes;Bacilli;Erysipelotrichales;Erysipelatoclostridiaceae;;,Bacteria;Firmicutes;Clostridia;Lachnospirales;Lachnospiraceae;Tuzzerella;,Bacteria;Actinobacteriota;Actinobacteria;Bifidobacteriales;Bifidobacteriaceae;Bifidobacterium;pseudolongum,Bacteria;Actinobacteriota;Actinobacteria;Bifidobacteriales;Bifidobacteriaceae;Bifidobacterium;globosum,Bacteria;Firmicutes;Clostridia;;;;,Bacteria;Firmicutes;Clostridia;Christensenellales;Christensenellaceae;;,Bacteria;Firmicutes;Bacilli;Erysipelotrichales;Erysipelatoclostridiaceae;Erysipelatoclostridium;,Bacteria;Firmicutes;Clostridia;Peptostreptococcales-Tissierellales;Anaerovoracaceae;[Eubacterium] brachy group;,;;;;;;,Bacteria;Firmicutes;Clostridia;Lachnospirales;Lachnospiraceae;Lachnospiraceae UCG-006;,Bacteria;Firmicutes;Clostridia;Lachnospirales;Lachnospiraceae;Lachnospiraceae FCS020 group;,Bacteria;Firmicutes;Clostridia;Lachnospirales;Lachnospiraceae;[Eubacterium] oxidoreducens group;,Bacteria;Proteobacteria;Gammaproteobacteria;Burkholderiales;Sutterellaceae;Parasutterella;excrementihominis,Bacteria;Firmicutes;Clostridia;Peptostreptococcales-Tissierellales;Peptostreptococcaceae;Romboutsia;lituseburensis,Bacteria;Firmicutes;Bacilli;Lactobacillales;Lactobacillaceae;;,Bacteria;Firmicutes;Clostridia;Peptostreptococcales-Tissierellales;Anaerovoracaceae;Family XIII AD3011 group;,Bacteria;Firmicutes;Clostridia;Lachnospirales;Lachnospiraceae;Dorea;,Bacteria;Firmicutes;Bacilli;Lactobacillales;Lactobacillaceae;Lactobacillus;helveticus,Bacteria;Firmicutes;Bacilli;Acholeplasmatales;Acholeplasmataceae;Anaeroplasma;,Bacteria;Actinobacteriota;Coriobacteriia;Coriobacteriales;Coriobacteriales Incertae Sedis;;,Bacteria;Firmicutes;Clostridia;Lachnospirales;Lachnospiraceae;ASF356;,Bacteria;Firmicutes;Clostridia;Oscillospirales;Oscillospiraceae;NK4A214 group;,Bacteria;Firmicutes;Bacilli;Lactobacillales;Lactobacillaceae;Lactobacillus;paragasseri,Bacteria;Firmicutes;Clostridia;Lachnospirales;Lachnospiraceae;Blautia;,Bacteria;Firmicutes;Bacilli;Lactobacillales;Lactobacillaceae;Lactiplantibacillus;,Bacteria;Firmicutes;Bacilli;Lactobacillales;Lactobacillaceae;Lactobacillus;johnsonii,Bacteria;Firmicutes;Clostridia;Lachnospirales;Lachnospiraceae;GCA-900066575;,Bacteria;Actinobacteriota;Coriobacteriia;Coriobacteriales;Eggerthellaceae;;,Bacteria;Bacteroidota;Bacteroidia;Bacteroidales;Bacteroidaceae;Bacteroides;faecis,Bacteria;Firmicutes;Clostridia;Lachnospirales;Defluviitaleaceae;Defluviitaleaceae UCG-011;,Bacteria;Firmicutes;Bacilli;Lactobacillales;Enterococcaceae;Enterococcus;faecalis,Bacteria;Firmicutes;Bacilli;Lactobacillales;Lactobacillaceae;Lactobacillus;fornicalis,Bacteria;Firmicutes;Clostridia;Oscillospirales;Oscillospiraceae;UCG-005;,Bacteria;Firmicutes;Clostridia;Lachnospirales;Lachnospiraceae;[Eubacterium] ventriosum group;ventriosum,Bacteria;Firmicutes;Bacilli;Staphylococcales;Staphylococcaceae;Staphylococcus;nepalensis,Bacteria;Firmicutes;Bacilli;Staphylococcales;Staphylococcaceae;Staphylococcus;xylosus,Bacteria;Firmicutes;Clostridia;Oscillospirales;Ruminococcaceae;Candidatus Soleaferrea;massiliensis,Bacteria;Firmicutes;Clostridia;Peptostreptococcales-Tissierellales;Peptostreptococcaceae;;,Bacteria;Firmicutes;Clostridia;Oscillospirales;Ruminococcaceae;Harryflintia;,Bacteria;Firmicutes;Clostridia;Lachnospirales;Lachnospiraceae;Lachnospiraceae UCG-008;,Bacteria;Verrucomicrobiota;Verrucomicrobiae;Verrucomicrobiales;Akkermansiaceae;Akkermansia;,Bacteria;Firmicutes;Bacilli;Bacillales;Planococcaceae;Sporosarcina;,Bacteria;Firmicutes;Clostridia;Oscillospirales;Butyricicoccaceae;UCG-009;,Bacteria;Firmicutes;Bacilli;Erysipelotrichales;Erysipelatoclostridiaceae;Candidatus Stoquefichus;massiliensis,Bacteria;Firmicutes;Bacilli;Lactobacillales;Lactobacillaceae;Lactobacillus;gasseri,Bacteria;Firmicutes;Clostridia;Eubacteriales;Anaerofustaceae;Anaerofustis;,Bacteria;Bacteroidota;Bacteroidia;Bacteroidales;Muribaculaceae;Muribaculum;,Bacteria;Firmicutes;Bacilli;Lactobacillales;Carnobacteriaceae;Atopostipes;,Bacteria;Actinobacteriota;Coriobacteriia;Coriobacteriales;Atopobiaceae;Coriobacteriaceae UCG-002;,Bacteria;Firmicutes;Clostridia;Oscillospirales;[Eubacterium] coprostanoligenes group;;,Bacteria;Firmicutes;Bacilli;Erysipelotrichales;;;,Bacteria;Firmicutes;Bacilli;Staphylococcales;Staphylococcaceae;Staphylococcus;lentus,Bacteria;Firmicutes;Clostridia;Oscillospirales;Ruminococcaceae;Paludicola;,Bacteria;Firmicutes;Bacilli;Staphylococcales;Staphylococcaceae;Staphylococcus;,Bacteria;Firmicutes;Clostridia;Oscillospirales;Butyricicoccaceae;Butyricicoccus;,Bacteria;Firmicutes;Clostridia;Clostridiales;Clostridiaceae;;,Bacteria;Firmicutes;Bacilli;Lactobacillales;Lactobacillaceae;Lactobacillus;gallinarum,Bacteria;Bacteroidota;Bacteroidia;Bacteroidales;Bacteroidaceae;Bacteroides;faecichinchillae,Bacteria;Firmicutes;Bacilli;Acholeplasmatales;Acholeplasmataceae;Anaeroplasma;abactoclasticum,Bacteria;Actinobacteriota;Coriobacteriia;Coriobacteriales;Eggerthellaceae;Parvibacter;,Bacteria;Firmicutes;Bacilli;Lactobacillales;;;,Bacteria;Firmicutes;Clostridia;Lachnospirales;Lachnospiraceae;Acetitomaculum;,Bacteria;Firmicutes;Bacilli;Lactobacillales;Carnobacteriaceae;Atopostipes;suicloacalis,Bacteria;Firmicutes;Clostridia;Lachnospirales;Lachnospiraceae;Lachnospiraceae FCS020 group;bacterium,Bacteria;Firmicutes;Clostridia;Lachnospirales;Lachnospiraceae;[Ruminococcus] gauvreauii group;,Bacteria;Firmicutes;Clostridia;Lachnospirales;Lachnospiraceae;Lachnoclostridium;urinimassiliense,MouseID,Genotype,Sex,Injury,Treatment,Timepoint,Project
Villapol_234_B,1287.0,8.0,19.0,0.0,5006.0,41.0,0.0,3.0,3.0,17.0,1.0,1.0,185.0,431.0,230.0,27.0,632.0,6.0,28.0,0.0,293.0,0.0,0.0,288.0,392.0,83.0,33.0,0.0,0.0,292.0,25.0,0.0,3.0,64.0,126.0,0.0,0.0,403.0,22.0,69.0,0.0,49.0,13.0,0.0,116.0,0.0,0.0,0.0,401.0,47.0,0.0,162.0,0.0,133.0,0.0,25.0,3.0,17.0,0.0,0.0,0.0,47.0,0.0,0.0,2.0,5.0,72.0,0.0,0.0,0.0,6.0,0.0,0.0,17.0,0.0,0.0,0.0,0.0,0.0,4.0,0.0,24.0,13.0,0.0,13.0,0.0,0.0,0.0,47.0,3638.0,28.0,0.0,0.0,12.0,0.0,0.0,0.0,0.0,6.0,0.0,0.0,0.0,0.0,0.0,0.0,0.0,25.0,0.0,108.0,0.0,0.0,0.0,0.0,49.0,0.0,7.0,0.0,0.0,0.0,0.0,0.0,0.0,0.0,0.0,0.0,0.0,0.0,0.0,0.0,0.0,234.0,WT,M,CCI,PAN,Baseline,PAN
Villapol_236_B,1271.0,36.0,48.0,0.0,6012.0,24.0,0.0,5.0,0.0,30.0,32.0,7.0,79.0,422.0,105.0,30.0,1112.0,8.0,26.0,0.0,298.0,0.0,27.0,518.0,603.0,201.0,115.0,3.0,0.0,376.0,3.0,0.0,15.0,139.0,157.0,0.0,0.0,220.0,19.0,132.0,2.0,40.0,7.0,0.0,193.0,0.0,0.0,0.0,237.0,39.0,0.0,162.0,0.0,403.0,5.0,126.0,8.0,20.0,0.0,0.0,0.0,33.0,15.0,0.0,0.0,13.0,64.0,0.0,0.0,0.0,0.0,0.0,0.0,19.0,0.0,0.0,0.0,0.0,0.0,0.0,0.0,28.0,47.0,0.0,7.0,0.0,0.0,44.0,69.0,4577.0,8.0,0.0,0.0,5.0,0.0,0.0,9.0,0.0,13.0,26.0,0.0,0.0,0.0,0.0,0.0,0.0,30.0,0.0,96.0,0.0,0.0,0.0,0.0,37.0,0.0,10.0,0.0,0.0,0.0,0.0,0.0,0.0,0.0,0.0,0.0,0.0,0.0,0.0,0.0,0.0,236.0,WT,M,CCI,PAN,Baseline,PAN
Villapol_237_B,1285.0,22.0,25.0,0.0,3718.0,57.0,0.0,6.0,17.0,29.0,10.0,3.0,154.0,226.0,102.0,8.0,602.0,11.0,31.0,5.0,342.0,7.0,33.0,626.0,815.0,215.0,9.0,0.0,0.0,190.0,0.0,0.0,4.0,117.0,74.0,0.0,24.0,224.0,28.0,63.0,1.0,77.0,15.0,0.0,109.0,0.0,3.0,0.0,597.0,33.0,0.0,191.0,0.0,313.0,0.0,36.0,7.0,26.0,0.0,0.0,10.0,0.0,0.0,0.0,0.0,0.0,45.0,0.0,0.0,0.0,12.0,0.0,0.0,28.0,0.0,0.0,0.0,0.0,0.0,4.0,0.0,41.0,43.0,0.0,0.0,3.0,0.0,0.0,78.0,2824.0,33.0,0.0,0.0,9.0,0.0,0.0,0.0,0.0,38.0,94.0,0.0,0.0,0.0,0.0,0.0,11.0,11.0,0.0,75.0,0.0,0.0,0.0,0.0,92.0,0.0,34.0,0.0,0.0,0.0,0.0,0.0,0.0,0.0,0.0,0.0,0.0,0.0,0.0,0.0,0.0,237.0,WT,M,CCI,PAN,Baseline,PAN
Villapol_238_B,1842.0,51.0,42.0,0.0,5060.0,89.0,0.0,1.0,0.0,43.0,3.0,2.0,199.0,285.0,115.0,20.0,832.0,6.0,37.0,0.0,455.0,6.0,25.0,854.0,1015.0,242.0,22.0,0.0,0.0,258.0,13.0,0.0,5.0,196.0,177.0,0.0,0.0,313.0,48.0,100.0,0.0,73.0,14.0,0.0,136.0,0.0,1.0,0.0,750.0,63.0,0.0,240.0,0.0,376.0,6.0,53.0,9.0,23.0,0.0,0.0,8.0,19.0,0.0,0.0,6.0,0.0,54.0,0.0,0.0,0.0,9.0,0.0,0.0,38.0,0.0,0.0,0.0,0.0,1.0,0.0,0.0,76.0,55.0,0.0,0.0,5.0,1.0,0.0,95.0,3554.0,23.0,0.0,2.0,11.0,0.0,0.0,0.0,0.0,49.0,107.0,0.0,0.0,0.0,0.0,0.0,6.0,23.0,0.0,106.0,0.0,0.0,0.0,0.0,78.0,0.0,30.0,0.0,0.0,0.0,0.0,0.0,0.0,0.0,0.0,0.0,0.0,0.0,0.0,0.0,0.0,238.0,WT,M,CCI,PAN,Baseline,PAN
Villapol_239_B,1464.0,6.0,21.0,0.0,702.0,64.0,0.0,3.0,0.0,55.0,22.0,0.0,289.0,779.0,245.0,39.0,1206.0,0.0,57.0,7075.0,37.0,9.0,0.0,605.0,791.0,23.0,7.0,3.0,0.0,510.0,2.0,0.0,15.0,85.0,28.0,0.0,0.0,459.0,28.0,14.0,2.0,81.0,13.0,69.0,177.0,0.0,0.0,0.0,392.0,43.0,0.0,121.0,0.0,164.0,15.0,197.0,11.0,22.0,5.0,0.0,5.0,11.0,0.0,0.0,6.0,18.0,61.0,0.0,0.0,0.0,8.0,0.0,0.0,61.0,0.0,0.0,0.0,0.0,1.0,6.0,0.0,27.0,22.0,0.0,21.0,0.0,0.0,0.0,40.0,1820.0,76.0,0.0,0.0,0.0,0.0,0.0,0.0,0.0,0.0,0.0,0.0,0.0,0.0,2.0,0.0,0.0,38.0,0.0,26.0,0.0,0.0,0.0,0.0,9.0,0.0,0.0,0.0,0.0,0.0,0.0,0.0,0.0,0.0,0.0,0.0,0.0,0.0,0.0,0.0,0.0,239.0,WT,M,CCI,PAN,Baseline,PAN
Villapol_240_B,1294.0,38.0,20.0,0.0,714.0,102.0,0.0,2.0,0.0,36.0,15.0,0.0,168.0,543.0,167.0,22.0,1471.0,6.0,52.0,5450.0,123.0,11.0,57.0,454.0,522.0,3.0,3.0,3.0,0.0,160.0,4.0,0.0,5.0,72.0,33.0,2.0,2.0,420.0,52.0,128.0,0.0,34.0,0.0,90.0,113.0,0.0,0.0,0.0,398.0,52.0,0.0,150.0,0.0,76.0,17.0,103.0,7.0,24.0,4.0,0.0,17.0,0.0,0.0,0.0,0.0,10.0,85.0,0.0,0.0,0.0,4.0,0.0,0.0,17.0,5.0,0.0,4.0,0.0,0.0,0.0,0.0,22.0,20.0,0.0,25.0,0.0,0.0,0.0,57.0,3240.0,28.0,0.0,0.0,8.0,0.0,0.0,0.0,0.0,0.0,6.0,0.0,0.0,0.0,0.0,0.0,0.0,19.0,0.0,29.0,0.0,0.0,0.0,0.0,52.0,0.0,0.0,0.0,0.0,0.0,0.0,0.0,0.0,0.0,0.0,0.0,0.0,0.0,0.0,0.0,0.0,240.0,WT,M,CCI,PAN,Baseline,PAN
Villapol_241_B,1617.0,45.0,24.0,0.0,497.0,91.0,73.0,5.0,0.0,30.0,38.0,2.0,399.0,686.0,263.0,33.0,1379.0,4.0,67.0,3071.0,42.0,7.0,70.0,730.0,816.0,49.0,46.0,0.0,0.0,356.0,0.0,0.0,13.0,154.0,59.0,0.0,0.0,497.0,74.0,34.0,1.0,70.0,20.0,2.0,222.0,0.0,1.0,0.0,566.0,26.0,0.0,165.0,0.0,178.0,15.0,100.0,6.0,19.0,0.0,0.0,0.0,0.0,0.0,0.0,0.0,8.0,38.0,0.0,0.0,0.0,0.0,0.0,0.0,77.0,0.0,0.0,0.0,0.0,0.0,0.0,0.0,31.0,41.0,0.0,43.0,0.0,0.0,0.0,62.0,3337.0,46.0,0.0,0.0,7.0,0.0,0.0,0.0,0.0,0.0,0.0,0.0,0.0,2.0,0.0,0.0,0.0,23.0,0.0,42.0,0.0,0.0,0.0,0.0,25.0,0.0,0.0,0.0,0.0,0.0,0.0,0.0,0.0,0.0,0.0,0.0,0.0,0.0,0.0,0.0,0.0,241.0,WT,M,CCI,PAN,Baseline,PAN
Villapol_242_B,1314.0,20.0,32.0,0.0,571.0,49.0,0.0,2.0,0.0,37.0,21.0,3.0,174.0,349.0,72.0,37.0,833.0,1.0,32.0,4861.0,226.0,5.0,6.0,485.0,461.0,35.0,42.0,0.0,0.0,255.0,8.0,0.0,9.0,40.0,67.0,0.0,0.0,289.0,46.0,77.0,0.0,70.0,15.0,10.0,108.0,0.0,0.0,0.0,448.0,27.0,0.0,191.0,0.0,204.0,10.0,47.0,8.0,22.0,8.0,0.0,10.0,31.0,19.0,0.0,3.0,8.0,51.0,0.0,0.0,0.0,14.0,0.0,0.0,64.0,0.0,0.0,0.0,0.0,0.0,0.0,0.0,29.0,203.0,0.0,0.0,4.0,0.0,0.0,66.0,2438.0,12.0,0.0,0.0,4.0,0.0,0.0,0.0,0.0,0.0,6.0,0.0,0.0,3.0,0.0,0.0,0.0,20.0,0.0,53.0,0.0,0.0,0.0,0.0,85.0,0.0,0.0,0.0,0.0,0.0,0.0,0.0,0.0,0.0,0.0,0.0,0.0,0.0,0.0,0.0,0.0,242.0,WT,M,CCI,PAN,Baseline,PAN
Villapol_243_B,1738.0,129.0,37.0,0.0,723.0,61.0,0.0,1.0,0.0,57.0,41.0,4.0,322.0,925.0,278.0,65.0,1755.0,8.0,51.0,5488.0,346.0,6.0,350.0,856.0,705.0,56.0,28.0,0.0,0.0,134.0,44.0,0.0,22.0,134.0,53.0,0.0,0.0,584.0,48.0,430.0,1.0,43.0,17.0,102.0,237.0,0.0,2.0,0.0,483.0,26.0,0.0,250.0,0.0,251.0,18.0,108.0,7.0,41.0,4.0,4.0,22.0,20.0,16.0,0.0,3.0,24.0,52.0,0.0,0.0,0.0,12.0,6.0,0.0,37.0,10.0,0.0,0.0,0.0,2.0,0.0,0.0,38.0,71.0,0.0,0.0,0.0,0.0,0.0,76.0,3556.0,45.0,0.0,0.0,9.0,0.0,0.0,4.0,0.0,0.0,0.0,0.0,0.0,0.0,0.0,0.0,0.0,11.0,0.0,45.0,0.0,0.0,0.0,0.0,151.0,0.0,0.0,0.0,0.0,0.0,0.0,0.0,0.0,0.0,0.0,0.0,0.0,0.0,0.0,0.0,0.0,243.0,WT,M,CCI,PAN,Baseline,PAN
Villapol_244_B,2617.0,28.0,41.0,9.0,2540.0,51.0,0.0,4.0,0.0,92.0,25.0,31.0,127.0,355.0,51.0,76.0,786.0,18.0,63.0,4102.0,273.0,7.0,173.0,1010.0,773.0,0.0,74.0,14.0,0.0,16.0,17.0,0.0,8.0,242.0,88.0,0.0,0.0,361.0,50.0,276.0,0.0,17.0,11.0,62.0,190.0,0.0,2.0,0.0,616.0,71.0,0.0,336.0,1.0,0.0,4.0,57.0,8.0,47.0,9.0,0.0,0.0,357.0,0.0,0.0,0.0,6.0,70.0,0.0,0.0,0.0,7.0,0.0,2.0,32.0,10.0,0.0,0.0,0.0,0.0,0.0,0.0,48.0,214.0,0.0,10.0,4.0,0.0,0.0,103.0,3246.0,15.0,0.0,0.0,2.0,0.0,0.0,5.0,0.0,0.0,0.0,0.0,0.0,0.0,0.0,0.0,0.0,8.0,0.0,78.0,0.0,0.0,0.0,0.0,13.0,0.0,0.0,0.0,0.0,0.0,0.0,0.0,0.0,0.0,0.0,0.0,0.0,0.0,0.0,0.0,0.0,244.0,WT,F,CCI,PAN,Baseline,PAN
Villapol_245_B,2175.0,14.0,48.0,22.0,1839.0,80.0,0.0,0.0,0.0,98.0,28.0,65.0,216.0,314.0,95.0,90.0,647.0,14.0,71.0,2800.0,140.0,12.0,180.0,928.0,796.0,0.0,159.0,5.0,0.0,52.0,16.0,0.0,20.0,264.0,190.0,0.0,0.0,176.0,42.0,157.0,0.0,7.0,74.0,49.0,174.0,0.0,0.0,0.0,973.0,59.0,0.0,368.0,0.0,0.0,5.0,87.0,7.0,87.0,0.0,0.0,0.0,318.0,0.0,0.0,2.0,18.0,106.0,0.0,3.0,0.0,60.0,4.0,0.0,44.0,10.0,0.0,0.0,0.0,1.0,0.0,0.0,69.0,366.0,0.0,4.0,0.0,0.0,0.0,129.0,6011.0,25.0,0.0,0.0,0.0,0.0,0.0,0.0,0.0,0.0,0.0,0.0,0.0,0.0,0.0,0.0,0.0,24.0,0.0,84.0,0.0,0.0,0.0,0.0,0.0,0.0,0.0,6.0,0.0,0.0,0.0,0.0,0.0,0.0,0.0,0.0,0.0,0.0,0.0,0.0,0.0,245.0,WT,F,CCI,PAN,Baseline,PAN
Villapol_246_B,1449.0,105.0,50.0,0.0,947.0,81.0,0.0,21.0,0.0,104.0,75.0,82.0,258.0,868.0,186.0,102.0,1809.0,9.0,76.0,2263.0,89.0,13.0,32.0,1212.0,804.0,0.0,126.0,18.0,0.0,317.0,39.0,0.0,32.0,146.0,168.0,0.0,0.0,79.0,32.0,256.0,0.0,117.0,59.0,78.0,327.0,0.0,3.0,0.0,300.0,10.0,0.0,275.0,0.0,0.0,22.0,200.0,7.0,96.0,39.0,0.0,10.0,677.0,0.0,0.0,2.0,15.0,40.0,10.0,1.0,0.0,4.0,4.0,0.0,138.0,10.0,0.0,0.0,0.0,0.0,3.0,0.0,77.0,249.0,0.0,63.0,0.0,0.0,0.0,116.0,3576.0,55.0,0.0,0.0,3.0,0.0,0.0,14.0,0.0,0.0,0.0,0.0,0.0,0.0,0.0,0.0,0.0,32.0,0.0,99.0,0.0,0.0,0.0,0.0,20.0,0.0,0.0,0.0,0.0,0.0,0.0,0.0,0.0,0.0,0.0,0.0,0.0,0.0,0.0,0.0,0.0,246.0,WT,F,CCI,PAN,Baseline,PAN
Villapol_247_B,2077.0,18.0,78.0,0.0,2302.0,118.0,1.0,6.0,0.0,134.0,54.0,41.0,246.0,474.0,134.0,60.0,1226.0,14.0,39.0,3933.0,129.0,4.0,636.0,1315.0,896.0,0.0,103.0,13.0,0.0,206.0,18.0,0.0,28.0,279.0,259.0,0.0,0.0,14.0,40.0,121.0,0.0,47.0,0.0,121.0,148.0,0.0,0.0,0.0,434.0,58.0,0.0,207.0,0.0,0.0,16.0,89.0,5.0,83.0,4.0,0.0,0.0,372.0,0.0,0.0,0.0,6.0,45.0,0.0,0.0,0.0,27.0,2.0,0.0,67.0,16.0,0.0,0.0,0.0,0.0,0.0,0.0,97.0,4.0,0.0,21.0,0.0,0.0,0.0,197.0,2414.0,25.0,0.0,0.0,0.0,0.0,0.0,7.0,0.0,0.0,0.0,0.0,0.0,4.0,0.0,0.0,0.0,15.0,0.0,135.0,0.0,0.0,0.0,0.0,12.0,0.0,0.0,0.0,0.0,0.0,0.0,0.0,0.0,0.0,0.0,0.0,0.0,0.0,0.0,0.0,0.0,247.0,WT,F,CCI,PAN,Baseline,PAN
Villapol_248_B,2382.0,44.0,57.0,0.0,1243.0,180.0,0.0,0.0,0.0,96.0,70.0,43.0,243.0,739.0,148.0,61.0,1432.0,16.0,91.0,1979.0,282.0,12.0,457.0,1215.0,776.0,0.0,94.0,21.0,0.0,208.0,4.0,0.0,47.0,153.0,242.0,0.0,34.0,234.0,25.0,72.0,0.0,148.0,59.0,89.0,385.0,0.0,0.0,0.0,509.0,25.0,0.0,232.0,0.0,0.0,18.0,280.0,6.0,62.0,4.0,0.0,39.0,1208.0,0.0,0.0,0.0,6.0,28.0,0.0,0.0,0.0,30.0,0.0,0.0,57.0,22.0,4.0,0.0,0.0,9.0,5.0,0.0,89.0,5.0,0.0,35.0,3.0,0.0,17.0,234.0,1540.0,43.0,0.0,0.0,0.0,0.0,0.0,9.0,0.0,0.0,0.0,0.0,0.0,0.0,0.0,0.0,0.0,20.0,0.0,132.0,0.0,0.0,0.0,0.0,8.0,0.0,0.0,0.0,0.0,0.0,0.0,0.0,0.0,0.0,0.0,0.0,0.0,0.0,0.0,0.0,0.0,248.0,WT,F,CCI,PAN,Baseline,PAN
Villapol_249_B,2053.0,0.0,65.0,0.0,2233.0,69.0,0.0,9.0,0.0,117.0,35.0,51.0,138.0,310.0,43.0,58.0,625.0,27.0,41.0,0.0,175.0,0.0,489.0,1229.0,1113.0,23.0,166.0,0.0,0.0,91.0,10.0,0.0,3.0,164.0,277.0,0.0,0.0,175.0,19.0,87.0,0.0,15.0,15.0,0.0,169.0,0.0,0.0,0.0,495.0,48.0,0.0,413.0,0.0,99.0,4.0,45.0,12.0,77.0,0.0,0.0,15.0,180.0,0.0,0.0,6.0,12.0,290.0,5.0,0.0,0.0,23.0,0.0,0.0,14.0,28.0,0.0,0.0,0.0,23.0,0.0,0.0,57.0,0.0,0.0,15.0,6.0,0.0,0.0,131.0,8685.0,18.0,0.0,0.0,4.0,0.0,0.0,7.0,0.0,0.0,0.0,0.0,0.0,0.0,0.0,0.0,0.0,26.0,0.0,88.0,0.0,0.0,0.0,0.0,0.0,0.0,0.0,0.0,0.0,0.0,0.0,0.0,0.0,0.0,0.0,0.0,0.0,0.0,0.0,0.0,0.0,249.0,WT,F,CCI,PAN,Baseline,PAN
Villapol_250_B,2084.0,0.0,24.0,0.0,3117.0,89.0,0.0,11.0,0.0,107.0,55.0,65.0,199.0,597.0,128.0,64.0,1053.0,8.0,30.0,0.0,50.0,9.0,419.0,1224.0,797.0,21.0,169.0,0.0,0.0,140.0,5.0,0.0,23.0,168.0,103.0,0.0,0.0,15.0,13.0,345.0,0.0,48.0,7.0,0.0,273.0,0.0,3.0,0.0,478.0,44.0,0.0,282.0,0.0,177.0,6.0,113.0,11.0,26.0,6.0,0.0,0.0,716.0,1.0,0.0,4.0,13.0,151.0,0.0,2.0,0.0,9.0,0.0,0.0,22.0,36.0,0.0,0.0,0.0,1.0,0.0,0.0,40.0,2.0,0.0,6.0,0.0,0.0,0.0,78.0,5408.0,46.0,0.0,0.0,0.0,1.0,0.0,3.0,0.0,0.0,0.0,0.0,0.0,0.0,0.0,0.0,0.0,14.0,0.0,92.0,0.0,0.0,0.0,0.0,2.0,0.0,0.0,0.0,0.0,0.0,0.0,0.0,0.0,0.0,0.0,0.0,0.0,0.0,0.0,0.0,0.0,250.0,WT,F,CCI,PAN,Baseline,PAN
Villapol_251_B,1940.0,0.0,68.0,0.0,1061.0,36.0,0.0,11.0,0.0,110.0,3.0,0.0,177.0,289.0,35.0,48.0,728.0,14.0,43.0,0.0,65.0,3.0,46.0,1821.0,1386.0,8.0,230.0,0.0,0.0,168.0,15.0,0.0,3.0,187.0,316.0,0.0,0.0,100.0,26.0,180.0,0.0,0.0,33.0,0.0,219.0,0.0,0.0,0.0,786.0,8.0,0.0,621.0,0.0,116.0,0.0,46.0,16.0,48.0,0.0,0.0,9.0,147.0,0.0,0.0,0.0,7.0,152.0,0.0,0.0,0.0,3.0,0.0,0.0,14.0,18.0,0.0,0.0,0.0,8.0,5.0,0.0,36.0,0.0,0.0,0.0,0.0,0.0,62.0,129.0,10424.0,21.0,0.0,0.0,5.0,0.0,0.0,13.0,0.0,0.0,0.0,0.0,0.0,0.0,0.0,0.0,0.0,13.0,0.0,40.0,0.0,0.0,0.0,0.0,20.0,0.0,0.0,0.0,0.0,0.0,0.0,0.0,0.0,0.0,0.0,0.0,0.0,0.0,0.0,0.0,0.0,251.0,WT,F,CCI,PAN,Baseline,PAN
Villapol_252_B,2677.0,0.0,112.0,0.0,2172.0,99.0,0.0,9.0,0.0,152.0,63.0,17.0,321.0,473.0,91.0,91.0,833.0,9.0,55.0,0.0,168.0,0.0,285.0,1128.0,991.0,25.0,111.0,0.0,0.0,234.0,0.0,0.0,16.0,188.0,279.0,0.0,0.0,250.0,13.0,222.0,0.0,106.0,7.0,0.0,121.0,0.0,0.0,0.0,653.0,50.0,0.0,430.0,0.0,172.0,0.0,69.0,14.0,84.0,0.0,0.0,11.0,249.0,0.0,0.0,0.0,16.0,201.0,0.0,0.0,0.0,44.0,3.0,0.0,27.0,21.0,0.0,0.0,0.0,19.0,0.0,0.0,130.0,80.0,0.0,2.0,0.0,1.0,7.0,220.0,4840.0,60.0,0.0,0.0,0.0,0.0,0.0,10.0,0.0,0.0,0.0,0.0,0.0,0.0,0.0,0.0,0.0,18.0,0.0,187.0,0.0,0.0,0.0,0.0,24.0,0.0,0.0,0.0,0.0,0.0,0.0,0.0,0.0,0.0,0.0,0.0,0.0,0.0,0.0,0.0,0.0,252.0,WT,F,CCI,PAN,Baseline,PAN
Villapol_253_B,1177.0,0.0,110.0,0.0,1381.0,94.0,0.0,12.0,5.0,163.0,64.0,145.0,290.0,746.0,120.0,123.0,1421.0,11.0,65.0,3.0,157.0,0.0,123.0,1269.0,1753.0,17.0,438.0,5.0,0.0,407.0,9.0,0.0,19.0,182.0,484.0,0.0,0.0,23.0,29.0,404.0,2.0,9.0,10.0,0.0,494.0,0.0,0.0,0.0,675.0,28.0,0.0,374.0,0.0,101.0,24.0,305.0,7.0,57.0,34.0,0.0,26.0,888.0,0.0,0.0,0.0,14.0,141.0,0.0,4.0,0.0,30.0,4.0,0.0,35.0,45.0,0.0,0.0,0.0,27.0,3.0,0.0,96.0,74.0,0.0,11.0,7.0,1.0,0.0,142.0,10580.0,40.0,0.0,0.0,3.0,0.0,0.0,5.0,0.0,0.0,25.0,0.0,0.0,0.0,0.0,0.0,0.0,31.0,0.0,81.0,0.0,0.0,0.0,0.0,0.0,0.0,0.0,0.0,0.0,0.0,0.0,0.0,0.0,0.0,0.0,0.0,0.0,0.0,0.0,0.0,0.0,253.0,WT,F,CCI,PAN,Baseline,PAN
Villapol_254_B,1773.0,12.0,0.0,0.0,4183.0,49.0,0.0,6.0,0.0,112.0,5.0,0.0,160.0,124.0,100.0,62.0,723.0,13.0,53.0,0.0,469.0,8.0,44.0,1492.0,597.0,202.0,0.0,0.0,0.0,232.0,14.0,0.0,3.0,61.0,0.0,0.0,0.0,548.0,39.0,37.0,0.0,74.0,0.0,0.0,78.0,0.0,0.0,0.0,788.0,78.0,0.0,275.0,0.0,382.0,6.0,102.0,0.0,0.0,4.0,0.0,0.0,36.0,29.0,0.0,4.0,0.0,223.0,0.0,0.0,0.0,0.0,0.0,0.0,11.0,0.0,0.0,0.0,0.0,0.0,3.0,0.0,0.0,32.0,0.0,0.0,4.0,0.0,0.0,0.0,3353.0,28.0,0.0,0.0,2.0,0.0,0.0,0.0,0.0,0.0,0.0,0.0,0.0,0.0,0.0,0.0,0.0,23.0,0.0,0.0,0.0,0.0,0.0,0.0,150.0,0.0,0.0,0.0,0.0,0.0,0.0,0.0,0.0,0.0,0.0,0.0,0.0,0.0,0.0,0.0,0.0,254.0,WT,M,CCI,Vehicle,Baseline,PAN
Villapol_255_B,1899.0,11.0,0.0,0.0,5179.0,182.0,56.0,17.0,0.0,72.0,35.0,10.0,244.0,386.0,98.0,88.0,1275.0,5.0,40.0,0.0,326.0,3.0,63.0,1029.0,772.0,128.0,69.0,0.0,0.0,290.0,0.0,0.0,7.0,115.0,0.0,0.0,0.0,389.0,46.0,43.0,4.0,81.0,5.0,0.0,163.0,0.0,0.0,0.0,698.0,86.0,0.0,271.0,0.0,407.0,6.0,72.0,0.0,0.0,6.0,0.0,4.0,0.0,26.0,0.0,4.0,5.0,111.0,0.0,2.0,0.0,7.0,4.0,0.0,71.0,0.0,0.0,0.0,0.0,0.0,4.0,0.0,0.0,70.0,0.0,0.0,5.0,0.0,0.0,0.0,4103.0,18.0,0.0,1.0,5.0,0.0,0.0,4.0,0.0,0.0,0.0,0.0,0.0,0.0,0.0,0.0,0.0,32.0,0.0,0.0,0.0,0.0,0.0,0.0,105.0,0.0,0.0,0.0,0.0,0.0,0.0,0.0,0.0,0.0,0.0,0.0,0.0,0.0,0.0,0.0,0.0,255.0,WT,M,CCI,Vehicle,Baseline,PAN
Villapol_256_B,1474.0,50.0,0.0,0.0,4681.0,64.0,0.0,2.0,0.0,80.0,13.0,1.0,238.0,552.0,93.0,67.0,1143.0,12.0,71.0,0.0,318.0,7.0,36.0,1328.0,647.0,209.0,45.0,0.0,0.0,271.0,19.0,0.0,3.0,121.0,0.0,0.0,0.0,351.0,27.0,78.0,1.0,102.0,0.0,0.0,131.0,0.0,0.0,0.0,640.0,43.0,0.0,298.0,1.0,376.0,0.0,100.0,7.0,0.0,10.0,0.0,9.0,49.0,14.0,0.0,4.0,8.0,203.0,0.0,0.0,0.0,6.0,0.0,0.0,28.0,0.0,0.0,0.0,0.0,0.0,0.0,0.0,0.0,128.0,0.0,9.0,0.0,0.0,0.0,0.0,1818.0,45.0,0.0,0.0,10.0,0.0,0.0,0.0,0.0,0.0,0.0,0.0,0.0,2.0,2.0,9.0,0.0,30.0,0.0,0.0,0.0,0.0,0.0,0.0,110.0,0.0,0.0,0.0,0.0,0.0,0.0,0.0,0.0,0.0,0.0,0.0,0.0,0.0,0.0,0.0,0.0,256.0,WT,M,CCI,Vehicle,Baseline,PAN
Villapol_257_B,1748.0,19.0,0.0,0.0,3146.0,105.0,131.0,10.0,0.0,43.0,58.0,1.0,254.0,1089.0,368.0,117.0,1850.0,7.0,50.0,0.0,230.0,20.0,337.0,1242.0,815.0,241.0,59.0,0.0,0.0,351.0,3.0,0.0,3.0,57.0,0.0,0.0,0.0,122.0,88.0,104.0,0.0,93.0,28.0,0.0,253.0,0.0,0.0,0.0,1026.0,65.0,0.0,273.0,0.0,434.0,14.0,107.0,4.0,0.0,0.0,0.0,19.0,0.0,29.0,0.0,9.0,8.0,52.0,0.0,0.0,0.0,5.0,0.0,0.0,169.0,5.0,0.0,0.0,0.0,0.0,5.0,0.0,0.0,31.0,4.0,0.0,5.0,0.0,2.0,0.0,2261.0,100.0,0.0,1.0,23.0,0.0,0.0,0.0,0.0,0.0,0.0,0.0,0.0,3.0,0.0,0.0,0.0,35.0,0.0,0.0,0.0,0.0,0.0,0.0,42.0,0.0,0.0,0.0,0.0,0.0,0.0,0.0,0.0,0.0,0.0,0.0,0.0,0.0,0.0,0.0,0.0,257.0,WT,M,CCI,Vehicle,Baseline,PAN
Villapol_258_B,1300.0,29.0,0.0,0.0,4094.0,153.0,46.0,5.0,0.0,29.0,57.0,0.0,355.0,828.0,301.0,41.0,2112.0,7.0,83.0,0.0,308.0,8.0,484.0,289.0,802.0,0.0,0.0,7.0,0.0,225.0,62.0,0.0,4.0,93.0,0.0,0.0,34.0,311.0,67.0,73.0,0.0,37.0,5.0,0.0,200.0,0.0,0.0,0.0,471.0,72.0,0.0,130.0,0.0,25.0,13.0,266.0,0.0,0.0,0.0,2.0,13.0,0.0,0.0,0.0,3.0,22.0,76.0,0.0,0.0,0.0,7.0,4.0,0.0,71.0,0.0,0.0,0.0,0.0,0.0,0.0,0.0,0.0,194.0,0.0,18.0,0.0,0.0,0.0,0.0,2190.0,60.0,0.0,0.0,3.0,0.0,0.0,7.0,0.0,0.0,0.0,0.0,0.0,4.0,0.0,0.0,0.0,47.0,0.0,0.0,0.0,0.0,0.0,0.0,36.0,0.0,0.0,0.0,0.0,0.0,0.0,0.0,0.0,0.0,0.0,0.0,0.0,0.0,0.0,0.0,0.0,258.0,WT,M,CCI,Vehicle,Baseline,PAN
Villapol_259_B,1662.0,83.0,0.0,0.0,7428.0,66.0,1.0,3.0,0.0,38.0,5.0,0.0,188.0,573.0,54.0,104.0,1192.0,8.0,68.0,3.0,258.0,0.0,0.0,1143.0,1088.0,26.0,4.0,8.0,0.0,400.0,18.0,0.0,9.0,96.0,0.0,0.0,2.0,652.0,24.0,75.0,2.0,151.0,21.0,0.0,162.0,0.0,2.0,0.0,798.0,115.0,0.0,298.0,0.0,193.0,7.0,105.0,3.0,0.0,2.0,0.0,11.0,0.0,14.0,0.0,0.0,0.0,159.0,0.0,1.0,9.0,71.0,4.0,0.0,16.0,4.0,0.0,0.0,0.0,0.0,5.0,5.0,0.0,186.0,0.0,5.0,4.0,0.0,0.0,0.0,2167.0,23.0,0.0,0.0,18.0,0.0,0.0,6.0,0.0,3.0,0.0,0.0,0.0,0.0,0.0,0.0,0.0,38.0,0.0,0.0,0.0,0.0,37.0,0.0,91.0,0.0,0.0,0.0,0.0,0.0,0.0,0.0,0.0,0.0,0.0,0.0,0.0,1.0,0.0,0.0,0.0,259.0,WT,M,CCI,Vehicle,Baseline,PAN
Villapol_260_B,1661.0,20.0,0.0,15.0,4200.0,172.0,0.0,1.0,2.0,25.0,83.0,3.0,542.0,1240.0,128.0,289.0,1864.0,0.0,115.0,0.0,101.0,9.0,0.0,1196.0,1174.0,11.0,31.0,21.0,0.0,0.0,4.0,0.0,37.0,69.0,0.0,0.0,0.0,609.0,41.0,163.0,0.0,4.0,75.0,0.0,309.0,0.0,0.0,0.0,775.0,75.0,0.0,0.0,0.0,129.0,11.0,640.0,8.0,0.0,0.0,0.0,20.0,0.0,0.0,0.0,6.0,10.0,62.0,0.0,2.0,4.0,49.0,11.0,0.0,29.0,0.0,0.0,0.0,0.0,0.0,0.0,0.0,0.0,162.0,0.0,114.0,4.0,0.0,6.0,0.0,1586.0,26.0,0.0,0.0,9.0,0.0,0.0,0.0,0.0,0.0,0.0,0.0,0.0,7.0,0.0,0.0,0.0,46.0,0.0,0.0,0.0,0.0,22.0,0.0,40.0,0.0,0.0,0.0,0.0,0.0,0.0,0.0,0.0,0.0,0.0,0.0,0.0,0.0,0.0,0.0,0.0,260.0,WT,M,CCI,Vehicle,Baseline,PAN
Villapol_261_B,2252.0,56.0,0.0,0.0,7803.0,37.0,19.0,0.0,1.0,73.0,26.0,4.0,358.0,449.0,62.0,56.0,985.0,10.0,54.0,6.0,759.0,0.0,12.0,1389.0,1165.0,11.0,6.0,0.0,0.0,591.0,1.0,0.0,9.0,176.0,0.0,0.0,0.0,962.0,20.0,19.0,0.0,203.0,40.0,0.0,164.0,0.0,4.0,0.0,1019.0,126.0,0.0,407.0,0.0,151.0,8.0,137.0,8.0,0.0,6.0,0.0,10.0,0.0,19.0,0.0,8.0,1.0,249.0,0.0,0.0,4.0,50.0,6.0,0.0,22.0,0.0,0.0,0.0,0.0,0.0,3.0,0.0,0.0,291.0,0.0,10.0,4.0,0.0,0.0,0.0,2602.0,0.0,0.0,0.0,31.0,0.0,0.0,42.0,0.0,0.0,0.0,0.0,0.0,0.0,0.0,0.0,0.0,4.0,0.0,0.0,0.0,0.0,607.0,0.0,145.0,0.0,0.0,0.0,0.0,0.0,0.0,0.0,0.0,0.0,0.0,0.0,0.0,0.0,0.0,0.0,0.0,261.0,WT,M,CCI,Vehicle,Baseline,PAN
Villapol_262_B,1321.0,60.0,0.0,0.0,6231.0,48.0,0.0,0.0,0.0,58.0,16.0,1.0,199.0,442.0,155.0,41.0,1188.0,11.0,59.0,0.0,128.0,0.0,0.0,939.0,764.0,7.0,0.0,10.0,0.0,309.0,50.0,0.0,4.0,81.0,0.0,0.0,0.0,218.0,13.0,189.0,0.0,157.0,0.0,0.0,102.0,0.0,0.0,0.0,350.0,112.0,0.0,181.0,0.0,172.0,8.0,64.0,8.0,0.0,0.0,0.0,13.0,0.0,2.0,0.0,4.0,4.0,172.0,0.0,0.0,5.0,38.0,0.0,0.0,24.0,0.0,0.0,0.0,0.0,0.0,0.0,0.0,0.0,154.0,0.0,33.0,0.0,0.0,0.0,0.0,1604.0,29.0,0.0,0.0,5.0,0.0,0.0,14.0,0.0,0.0,0.0,0.0,0.0,0.0,0.0,0.0,0.0,31.0,0.0,0.0,0.0,0.0,0.0,0.0,106.0,0.0,0.0,0.0,0.0,0.0,0.0,0.0,0.0,0.0,0.0,0.0,0.0,0.0,0.0,0.0,0.0,262.0,WT,M,CCI,Vehicle,Baseline,PAN
Villapol_263_B,1589.0,51.0,0.0,0.0,7883.0,17.0,5.0,1.0,1.0,94.0,2.0,2.0,134.0,99.0,59.0,19.0,594.0,8.0,37.0,0.0,238.0,0.0,96.0,1054.0,804.0,22.0,42.0,4.0,0.0,161.0,4.0,0.0,4.0,69.0,0.0,0.0,0.0,503.0,11.0,81.0,2.0,66.0,29.0,0.0,60.0,0.0,5.0,0.0,397.0,115.0,0.0,275.0,0.0,152.0,0.0,23.0,10.0,0.0,3.0,0.0,7.0,0.0,0.0,0.0,0.0,0.0,220.0,0.0,0.0,5.0,28.0,5.0,0.0,12.0,0.0,0.0,0.0,0.0,0.0,6.0,0.0,0.0,134.0,0.0,5.0,4.0,0.0,12.0,0.0,2700.0,0.0,0.0,3.0,10.0,0.0,0.0,7.0,0.0,0.0,0.0,0.0,0.0,0.0,0.0,0.0,0.0,7.0,0.0,0.0,0.0,0.0,0.0,0.0,102.0,0.0,0.0,0.0,0.0,0.0,0.0,0.0,0.0,0.0,0.0,0.0,0.0,0.0,0.0,0.0,0.0,263.0,WT,M,CCI,Vehicle,Baseline,PAN
Villapol_264_B,1917.0,14.0,0.0,0.0,1714.0,75.0,0.0,6.0,0.0,53.0,28.0,1.0,189.0,324.0,70.0,42.0,840.0,0.0,59.0,3976.0,486.0,0.0,156.0,1718.0,655.0,180.0,48.0,0.0,0.0,132.0,0.0,0.0,0.0,68.0,0.0,0.0,0.0,137.0,23.0,231.0,0.0,122.0,23.0,12.0,91.0,0.0,0.0,0.0,543.0,6.0,0.0,349.0,0.0,347.0,0.0,130.0,0.0,0.0,5.0,0.0,10.0,0.0,26.0,0.0,0.0,8.0,151.0,2.0,1.0,0.0,11.0,0.0,0.0,21.0,0.0,0.0,0.0,0.0,0.0,6.0,0.0,0.0,0.0,0.0,0.0,0.0,0.0,13.0,0.0,3838.0,12.0,0.0,0.0,4.0,0.0,0.0,5.0,0.0,0.0,0.0,0.0,0.0,2.0,0.0,0.0,0.0,16.0,0.0,0.0,0.0,0.0,0.0,0.0,5.0,0.0,0.0,0.0,0.0,0.0,0.0,0.0,0.0,0.0,0.0,0.0,0.0,0.0,0.0,0.0,0.0,264.0,WT,F,CCI,Vehicle,Baseline,PAN
Villapol_265_B,1435.0,25.0,0.0,9.0,2299.0,60.0,11.0,9.0,0.0,81.0,50.0,0.0,219.0,476.0,109.0,81.0,1405.0,8.0,21.0,7122.0,36.0,6.0,27.0,848.0,533.0,76.0,74.0,5.0,0.0,226.0,9.0,0.0,12.0,94.0,0.0,0.0,0.0,146.0,32.0,118.0,0.0,42.0,22.0,0.0,196.0,0.0,0.0,0.0,245.0,50.0,0.0,157.0,0.0,318.0,15.0,79.0,3.0,0.0,5.0,0.0,0.0,0.0,17.0,0.0,0.0,17.0,88.0,0.0,1.0,0.0,0.0,4.0,0.0,114.0,0.0,0.0,0.0,0.0,0.0,0.0,0.0,0.0,19.0,0.0,5.0,0.0,0.0,82.0,0.0,4494.0,70.0,0.0,0.0,0.0,0.0,0.0,3.0,0.0,0.0,0.0,0.0,0.0,2.0,0.0,0.0,0.0,21.0,0.0,0.0,0.0,0.0,0.0,0.0,0.0,0.0,0.0,0.0,0.0,0.0,0.0,0.0,0.0,0.0,0.0,0.0,0.0,0.0,0.0,0.0,0.0,265.0,WT,F,CCI,Vehicle,Baseline,PAN
Villapol_266_B,693.0,6.0,0.0,0.0,1844.0,28.0,0.0,6.0,0.0,53.0,1.0,0.0,66.0,145.0,58.0,19.0,267.0,0.0,45.0,5294.0,80.0,0.0,201.0,381.0,304.0,44.0,0.0,0.0,0.0,81.0,0.0,0.0,0.0,31.0,0.0,0.0,0.0,4.0,0.0,187.0,0.0,37.0,8.0,61.0,94.0,0.0,0.0,0.0,89.0,10.0,0.0,107.0,0.0,106.0,0.0,62.0,0.0,0.0,3.0,0.0,6.0,0.0,0.0,0.0,0.0,0.0,81.0,0.0,0.0,0.0,0.0,0.0,0.0,32.0,0.0,0.0,0.0,0.0,0.0,0.0,0.0,0.0,0.0,0.0,0.0,0.0,0.0,0.0,0.0,2056.0,19.0,0.0,0.0,0.0,0.0,0.0,4.0,0.0,0.0,0.0,0.0,0.0,0.0,0.0,0.0,0.0,5.0,0.0,0.0,0.0,0.0,0.0,0.0,0.0,0.0,0.0,0.0,0.0,0.0,0.0,0.0,0.0,0.0,0.0,0.0,0.0,0.0,0.0,0.0,0.0,266.0,WT,F,CCI,Vehicle,Baseline,PAN
Villapol_267_B,1261.0,29.0,0.0,0.0,2918.0,16.0,0.0,6.0,0.0,44.0,9.0,0.0,63.0,100.0,4.0,10.0,489.0,0.0,11.0,8238.0,36.0,0.0,6.0,457.0,338.0,44.0,52.0,0.0,0.0,61.0,13.0,0.0,4.0,166.0,0.0,0.0,0.0,39.0,12.0,46.0,0.0,67.0,4.0,0.0,49.0,0.0,0.0,0.0,163.0,92.0,0.0,124.0,0.0,225.0,0.0,32.0,0.0,0.0,0.0,0.0,0.0,0.0,6.0,0.0,0.0,0.0,176.0,0.0,0.0,0.0,0.0,0.0,0.0,25.0,0.0,0.0,0.0,0.0,0.0,0.0,0.0,0.0,0.0,0.0,3.0,0.0,0.0,48.0,0.0,5054.0,11.0,0.0,0.0,0.0,0.0,0.0,0.0,0.0,0.0,0.0,0.0,0.0,0.0,0.0,0.0,0.0,14.0,0.0,0.0,0.0,0.0,0.0,0.0,0.0,0.0,0.0,0.0,0.0,0.0,0.0,0.0,0.0,0.0,0.0,0.0,0.0,0.0,0.0,0.0,0.0,267.0,WT,F,CCI,Vehicle,Baseline,PAN
Villapol_268_B,838.0,22.0,0.0,0.0,1868.0,18.0,0.0,9.0,0.0,58.0,13.0,0.0,100.0,128.0,37.0,14.0,465.0,0.0,14.0,4728.0,100.0,0.0,5.0,844.0,421.0,107.0,25.0,0.0,0.0,118.0,0.0,0.0,0.0,87.0,0.0,0.0,0.0,102.0,13.0,50.0,0.0,48.0,9.0,0.0,67.0,0.0,0.0,0.0,269.0,29.0,0.0,204.0,0.0,343.0,0.0,19.0,0.0,0.0,0.0,0.0,2.0,0.0,19.0,0.0,0.0,3.0,116.0,0.0,0.0,0.0,0.0,0.0,0.0,14.0,3.0,0.0,0.0,0.0,0.0,0.0,0.0,0.0,29.0,0.0,0.0,0.0,0.0,45.0,0.0,1714.0,20.0,0.0,0.0,0.0,0.0,0.0,0.0,0.0,0.0,0.0,0.0,0.0,0.0,0.0,0.0,0.0,11.0,0.0,0.0,0.0,0.0,0.0,0.0,13.0,0.0,0.0,0.0,0.0,0.0,0.0,0.0,0.0,0.0,0.0,0.0,0.0,0.0,0.0,0.0,0.0,268.0,WT,F,CCI,Vehicle,Baseline,PAN
Villapol_269_B,2060.0,6.0,0.0,0.0,581.0,137.0,79.0,19.0,0.0,79.0,57.0,51.0,327.0,1129.0,107.0,74.0,1594.0,3.0,40.0,8266.0,86.0,7.0,8.0,1775.0,1201.0,209.0,181.0,0.0,0.0,460.0,23.0,0.0,17.0,103.0,0.0,0.0,0.0,280.0,45.0,166.0,0.0,197.0,34.0,93.0,258.0,0.0,0.0,0.0,486.0,18.0,0.0,234.0,0.0,489.0,11.0,168.0,7.0,0.0,0.0,0.0,15.0,292.0,23.0,0.0,7.0,12.0,143.0,0.0,0.0,0.0,0.0,0.0,0.0,102.0,14.0,0.0,0.0,0.0,0.0,0.0,0.0,0.0,162.0,0.0,47.0,0.0,0.0,2.0,0.0,3556.0,84.0,0.0,0.0,0.0,0.0,0.0,9.0,0.0,0.0,0.0,0.0,0.0,0.0,0.0,0.0,0.0,34.0,0.0,0.0,0.0,0.0,0.0,0.0,32.0,0.0,0.0,0.0,0.0,0.0,0.0,0.0,0.0,0.0,0.0,0.0,0.0,0.0,0.0,0.0,0.0,269.0,WT,F,CCI,Vehicle,Baseline,PAN
Villapol_270_B,1673.0,21.0,0.0,9.0,623.0,87.0,58.0,2.0,0.0,126.0,56.0,1.0,182.0,481.0,76.0,56.0,680.0,6.0,57.0,6158.0,77.0,3.0,85.0,1697.0,1227.0,241.0,0.0,6.0,0.0,209.0,5.0,0.0,10.0,120.0,0.0,0.0,1.0,100.0,25.0,170.0,0.0,55.0,5.0,12.0,199.0,0.0,0.0,0.0,295.0,21.0,0.0,307.0,0.0,462.0,0.0,120.0,10.0,0.0,11.0,0.0,10.0,73.0,27.0,0.0,0.0,10.0,409.0,0.0,0.0,0.0,7.0,3.0,0.0,69.0,0.0,0.0,0.0,0.0,0.0,0.0,11.0,0.0,5.0,0.0,19.0,3.0,0.0,56.0,0.0,3218.0,27.0,0.0,0.0,3.0,0.0,0.0,2.0,0.0,0.0,0.0,0.0,0.0,0.0,0.0,0.0,0.0,29.0,0.0,0.0,0.0,0.0,0.0,0.0,92.0,0.0,0.0,0.0,0.0,0.0,0.0,0.0,0.0,0.0,0.0,0.0,4.0,0.0,0.0,0.0,0.0,270.0,WT,F,CCI,Vehicle,Baseline,PAN
Villapol_271_B,1845.0,0.0,0.0,0.0,436.0,60.0,2.0,3.0,0.0,86.0,22.0,0.0,133.0,400.0,62.0,41.0,828.0,0.0,62.0,4896.0,80.0,3.0,39.0,958.0,447.0,168.0,49.0,3.0,0.0,218.0,0.0,0.0,13.0,103.0,0.0,0.0,0.0,324.0,34.0,87.0,0.0,150.0,32.0,136.0,147.0,0.0,0.0,0.0,267.0,16.0,0.0,228.0,0.0,328.0,3.0,146.0,4.0,0.0,0.0,0.0,0.0,0.0,17.0,2.0,0.0,2.0,198.0,0.0,2.0,0.0,4.0,0.0,0.0,62.0,0.0,0.0,0.0,0.0,0.0,0.0,0.0,0.0,49.0,0.0,22.0,3.0,0.0,20.0,0.0,817.0,31.0,0.0,0.0,0.0,0.0,0.0,0.0,0.0,0.0,0.0,0.0,0.0,0.0,0.0,0.0,0.0,21.0,0.0,0.0,0.0,0.0,0.0,0.0,85.0,0.0,0.0,0.0,0.0,0.0,0.0,0.0,0.0,0.0,0.0,0.0,0.0,0.0,0.0,0.0,0.0,271.0,WT,F,CCI,Vehicle,Baseline,PAN
Villapol_272_B,1989.0,19.0,0.0,0.0,306.0,51.0,0.0,9.0,0.0,106.0,33.0,3.0,175.0,223.0,12.0,35.0,468.0,12.0,45.0,4748.0,368.0,3.0,61.0,1506.0,488.0,261.0,76.0,0.0,0.0,70.0,0.0,0.0,6.0,96.0,0.0,0.0,0.0,184.0,43.0,44.0,0.0,74.0,34.0,0.0,144.0,0.0,0.0,0.0,421.0,44.0,0.0,432.0,0.0,461.0,0.0,66.0,5.0,0.0,20.0,0.0,4.0,47.0,28.0,0.0,4.0,9.0,197.0,0.0,0.0,0.0,9.0,0.0,0.0,13.0,10.0,0.0,0.0,0.0,0.0,0.0,5.0,0.0,115.0,0.0,9.0,0.0,0.0,0.0,0.0,4656.0,53.0,0.0,0.0,3.0,0.0,0.0,0.0,0.0,0.0,0.0,0.0,0.0,0.0,0.0,0.0,0.0,17.0,0.0,0.0,0.0,0.0,0.0,0.0,51.0,0.0,0.0,0.0,0.0,0.0,0.0,0.0,0.0,0.0,0.0,0.0,0.0,0.0,0.0,0.0,0.0,272.0,WT,F,CCI,Vehicle,Baseline,PAN
Villapol_273_B,2179.0,12.0,0.0,0.0,239.0,141.0,0.0,5.0,0.0,92.0,59.0,24.0,309.0,1003.0,65.0,113.0,1250.0,12.0,102.0,4791.0,73.0,14.0,674.0,1500.0,838.0,318.0,92.0,0.0,0.0,75.0,0.0,0.0,20.0,90.0,0.0,0.0,0.0,321.0,36.0,151.0,0.0,149.0,43.0,160.0,319.0,0.0,0.0,2.0,234.0,23.0,0.0,228.0,0.0,382.0,8.0,208.0,7.0,0.0,42.0,0.0,17.0,656.0,33.0,0.0,3.0,9.0,151.0,0.0,0.0,0.0,2.0,0.0,0.0,76.0,15.0,0.0,0.0,0.0,0.0,0.0,0.0,0.0,18.0,0.0,18.0,4.0,0.0,0.0,0.0,1998.0,81.0,2.0,0.0,0.0,0.0,0.0,0.0,0.0,0.0,0.0,0.0,0.0,0.0,0.0,0.0,0.0,29.0,0.0,0.0,0.0,0.0,0.0,0.0,57.0,0.0,0.0,2.0,0.0,0.0,0.0,0.0,0.0,0.0,0.0,0.0,6.0,0.0,0.0,0.0,0.0,273.0,WT,F,CCI,Vehicle,Baseline,PAN
Villapol_274_B,1544.0,17.0,40.0,0.0,271.0,107.0,114.0,10.0,0.0,89.0,32.0,10.0,270.0,837.0,248.0,46.0,2241.0,27.0,59.0,4.0,169.0,5.0,238.0,1486.0,825.0,50.0,166.0,6.0,0.0,211.0,35.0,0.0,27.0,119.0,110.0,0.0,3.0,435.0,15.0,123.0,0.0,25.0,52.0,0.0,506.0,0.0,1.0,0.0,551.0,123.0,0.0,182.0,0.0,700.0,15.0,204.0,12.0,45.0,6.0,0.0,29.0,358.0,52.0,0.0,7.0,0.0,340.0,93.0,0.0,14.0,6.0,4.0,0.0,47.0,11.0,0.0,0.0,0.0,0.0,0.0,0.0,69.0,50.0,0.0,47.0,7.0,0.0,0.0,121.0,5316.0,43.0,0.0,0.0,11.0,0.0,0.0,24.0,0.0,70.0,0.0,0.0,0.0,0.0,0.0,0.0,0.0,32.0,0.0,118.0,0.0,0.0,0.0,0.0,131.0,0.0,34.0,0.0,0.0,0.0,0.0,0.0,0.0,0.0,0.0,0.0,0.0,0.0,0.0,0.0,0.0,274.0,WT,M,Sham,PAN,Baseline,PAN
Villapol_275_B,2195.0,8.0,61.0,0.0,611.0,73.0,67.0,9.0,2.0,107.0,76.0,11.0,463.0,1077.0,247.0,65.0,2445.0,24.0,104.0,0.0,247.0,10.0,1083.0,939.0,893.0,0.0,168.0,11.0,0.0,297.0,69.0,0.0,32.0,189.0,133.0,0.0,0.0,558.0,21.0,206.0,0.0,66.0,0.0,0.0,350.0,0.0,0.0,0.0,333.0,237.0,0.0,174.0,0.0,636.0,26.0,207.0,3.0,31.0,0.0,0.0,81.0,0.0,33.0,0.0,3.0,11.0,602.0,15.0,1.0,10.0,3.0,12.0,0.0,65.0,4.0,0.0,7.0,0.0,0.0,5.0,0.0,40.0,31.0,0.0,56.0,6.0,1.0,0.0,78.0,9649.0,42.0,0.0,0.0,9.0,0.0,0.0,11.0,0.0,39.0,0.0,0.0,0.0,3.0,0.0,0.0,0.0,37.0,0.0,112.0,0.0,0.0,0.0,0.0,70.0,0.0,16.0,0.0,0.0,0.0,0.0,0.0,0.0,0.0,0.0,0.0,0.0,0.0,0.0,0.0,0.0,275.0,WT,M,Sham,PAN,Baseline,PAN
Villapol_276_B,2394.0,5.0,92.0,5.0,4.0,228.0,0.0,6.0,0.0,68.0,51.0,20.0,463.0,2300.0,486.0,89.0,3986.0,24.0,155.0,0.0,137.0,17.0,922.0,401.0,1730.0,0.0,125.0,38.0,0.0,38.0,62.0,0.0,20.0,266.0,245.0,0.0,2.0,88.0,53.0,204.0,1.0,6.0,146.0,0.0,1047.0,0.0,0.0,0.0,436.0,0.0,0.0,285.0,0.0,23.0,41.0,342.0,13.0,61.0,10.0,0.0,43.0,12.0,0.0,0.0,4.0,21.0,13.0,0.0,0.0,4.0,4.0,18.0,0.0,103.0,15.0,0.0,0.0,0.0,1.0,0.0,0.0,36.0,2.0,0.0,69.0,0.0,0.0,0.0,102.0,6854.0,58.0,0.0,0.0,0.0,0.0,0.0,24.0,0.0,171.0,0.0,0.0,0.0,6.0,0.0,0.0,0.0,29.0,0.0,56.0,0.0,0.0,0.0,0.0,4.0,0.0,56.0,0.0,2.0,0.0,0.0,0.0,0.0,0.0,0.0,0.0,0.0,0.0,0.0,0.0,0.0,276.0,WT,M,Sham,PAN,Baseline,PAN
Villapol_277_B,2261.0,23.0,63.0,14.0,93.0,159.0,155.0,3.0,0.0,161.0,35.0,17.0,398.0,957.0,304.0,48.0,1558.0,22.0,138.0,0.0,332.0,7.0,0.0,3060.0,1069.0,308.0,126.0,16.0,0.0,613.0,5.0,0.0,22.0,119.0,120.0,0.0,0.0,127.0,66.0,203.0,4.0,269.0,59.0,0.0,519.0,0.0,1.0,0.0,1240.0,116.0,0.0,626.0,0.0,1328.0,10.0,61.0,19.0,69.0,0.0,0.0,15.0,22.0,67.0,0.0,13.0,8.0,257.0,53.0,0.0,18.0,15.0,10.0,0.0,87.0,7.0,1.0,0.0,1.0,0.0,0.0,0.0,82.0,210.0,0.0,26.0,0.0,0.0,0.0,180.0,5126.0,77.0,0.0,0.0,14.0,0.0,0.0,23.0,3.0,146.0,0.0,0.0,0.0,3.0,0.0,0.0,0.0,35.0,0.0,115.0,0.0,0.0,0.0,0.0,474.0,0.0,37.0,0.0,0.0,0.0,0.0,0.0,0.0,0.0,0.0,0.0,0.0,0.0,0.0,0.0,0.0,277.0,WT,M,Sham,PAN,Baseline,PAN
Villapol_278_B,2270.0,97.0,53.0,0.0,0.0,129.0,0.0,1.0,2.0,69.0,29.0,8.0,321.0,1270.0,311.0,88.0,2496.0,16.0,112.0,0.0,406.0,6.0,5.0,1542.0,866.0,13.0,167.0,12.0,0.0,551.0,16.0,0.0,31.0,161.0,246.0,0.0,0.0,118.0,235.0,318.0,1.0,78.0,31.0,0.0,402.0,0.0,9.0,0.0,749.0,70.0,0.0,338.0,0.0,346.0,20.0,399.0,18.0,42.0,8.0,0.0,24.0,0.0,3.0,0.0,0.0,1.0,120.0,0.0,1.0,5.0,14.0,2.0,0.0,31.0,0.0,0.0,0.0,3.0,13.0,0.0,0.0,31.0,226.0,0.0,17.0,7.0,0.0,0.0,119.0,10001.0,63.0,0.0,0.0,14.0,0.0,0.0,8.0,0.0,40.0,0.0,0.0,0.0,0.0,0.0,0.0,0.0,22.0,0.0,112.0,0.0,0.0,0.0,0.0,47.0,0.0,0.0,0.0,0.0,0.0,0.0,0.0,0.0,0.0,0.0,0.0,3.0,0.0,0.0,0.0,0.0,278.0,WT,M,Sham,PAN,Baseline,PAN
Villapol_279_B,1377.0,15.0,34.0,0.0,1035.0,81.0,24.0,10.0,0.0,44.0,19.0,7.0,154.0,252.0,72.0,41.0,476.0,12.0,51.0,2480.0,76.0,5.0,33.0,721.0,291.0,242.0,4.0,0.0,0.0,136.0,16.0,0.0,3.0,118.0,105.0,0.0,0.0,625.0,17.0,61.0,1.0,256.0,14.0,55.0,112.0,0.0,0.0,0.0,289.0,58.0,0.0,137.0,0.0,684.0,3.0,37.0,7.0,49.0,5.0,0.0,14.0,77.0,34.0,0.0,0.0,11.0,74.0,0.0,0.0,0.0,7.0,0.0,0.0,28.0,5.0,0.0,0.0,0.0,0.0,4.0,0.0,67.0,53.0,0.0,2.0,4.0,4.0,54.0,481.0,197.0,32.0,0.0,0.0,0.0,0.0,0.0,19.0,0.0,0.0,0.0,0.0,0.0,0.0,0.0,0.0,0.0,6.0,0.0,123.0,0.0,0.0,0.0,0.0,49.0,0.0,0.0,0.0,0.0,0.0,0.0,0.0,0.0,0.0,0.0,0.0,0.0,0.0,0.0,0.0,0.0,279.0,WT,F,Sham,PAN,Baseline,PAN
Villapol_280_B,1859.0,3.0,57.0,0.0,1419.0,111.0,2.0,3.0,0.0,126.0,30.0,30.0,240.0,699.0,116.0,52.0,1126.0,8.0,46.0,4068.0,28.0,4.0,191.0,925.0,612.0,223.0,94.0,4.0,0.0,179.0,6.0,0.0,27.0,109.0,194.0,0.0,0.0,347.0,19.0,139.0,0.0,59.0,28.0,158.0,348.0,0.0,0.0,0.0,189.0,65.0,0.0,156.0,0.0,497.0,13.0,205.0,10.0,62.0,26.0,0.0,15.0,790.0,31.0,0.0,0.0,9.0,73.0,0.0,0.0,0.0,5.0,3.0,0.0,72.0,10.0,0.0,0.0,1.0,10.0,0.0,0.0,37.0,0.0,0.0,36.0,0.0,0.0,0.0,134.0,2338.0,42.0,0.0,0.0,4.0,0.0,0.0,11.0,0.0,19.0,0.0,0.0,2.0,0.0,0.0,0.0,0.0,13.0,0.0,45.0,0.0,0.0,0.0,0.0,52.0,0.0,11.0,0.0,0.0,0.0,0.0,0.0,0.0,0.0,0.0,0.0,0.0,0.0,0.0,0.0,0.0,280.0,WT,F,Sham,PAN,Baseline,PAN
Villapol_281_B,3224.0,18.0,46.0,0.0,1862.0,115.0,0.0,3.0,0.0,97.0,67.0,2.0,255.0,753.0,117.0,75.0,1557.0,22.0,64.0,4564.0,59.0,0.0,60.0,1639.0,1093.0,322.0,6.0,16.0,0.0,412.0,13.0,0.0,12.0,108.0,160.0,0.0,0.0,916.0,52.0,195.0,0.0,261.0,37.0,1.0,424.0,0.0,0.0,0.0,731.0,92.0,0.0,436.0,0.0,909.0,15.0,178.0,26.0,60.0,8.0,0.0,27.0,218.0,33.0,0.0,0.0,2.0,127.0,2.0,4.0,0.0,66.0,5.0,0.0,63.0,17.0,0.0,3.0,0.0,0.0,0.0,12.0,31.0,0.0,0.0,16.0,5.0,0.0,290.0,107.0,597.0,86.0,0.0,0.0,0.0,0.0,0.0,9.0,0.0,0.0,0.0,0.0,0.0,0.0,0.0,0.0,0.0,25.0,0.0,86.0,0.0,0.0,0.0,0.0,159.0,0.0,0.0,0.0,0.0,0.0,0.0,0.0,0.0,0.0,0.0,0.0,0.0,0.0,0.0,0.0,0.0,281.0,WT,F,Sham,PAN,Baseline,PAN
Villapol_282_B,2442.0,0.0,26.0,0.0,859.0,54.0,0.0,2.0,2.0,100.0,27.0,42.0,89.0,185.0,43.0,27.0,436.0,20.0,14.0,6934.0,15.0,6.0,253.0,935.0,331.0,73.0,47.0,0.0,0.0,143.0,0.0,0.0,4.0,115.0,45.0,0.0,0.0,681.0,40.0,38.0,1.0,0.0,7.0,82.0,101.0,0.0,0.0,0.0,332.0,49.0,0.0,208.0,0.0,177.0,10.0,50.0,8.0,46.0,0.0,0.0,7.0,256.0,0.0,0.0,3.0,3.0,122.0,0.0,0.0,0.0,25.0,0.0,0.0,13.0,14.0,0.0,0.0,0.0,0.0,0.0,0.0,14.0,43.0,0.0,3.0,6.0,0.0,0.0,110.0,2556.0,40.0,0.0,0.0,0.0,0.0,0.0,8.0,0.0,0.0,0.0,0.0,0.0,0.0,0.0,0.0,0.0,0.0,0.0,32.0,0.0,0.0,0.0,0.0,7.0,0.0,0.0,0.0,0.0,0.0,0.0,0.0,0.0,0.0,0.0,0.0,0.0,0.0,0.0,0.0,0.0,282.0,WT,F,Sham,PAN,Baseline,PAN
Villapol_283_B,1900.0,49.0,8.0,0.0,762.0,99.0,8.0,3.0,0.0,86.0,51.0,1.0,271.0,692.0,109.0,69.0,1872.0,20.0,77.0,4105.0,96.0,9.0,54.0,1911.0,580.0,690.0,0.0,7.0,0.0,481.0,43.0,0.0,7.0,144.0,80.0,0.0,0.0,276.0,31.0,263.0,0.0,278.0,28.0,0.0,319.0,0.0,0.0,0.0,396.0,42.0,0.0,226.0,0.0,969.0,7.0,154.0,12.0,42.0,46.0,0.0,14.0,319.0,46.0,2.0,6.0,9.0,58.0,0.0,0.0,0.0,10.0,3.0,0.0,76.0,8.0,2.0,0.0,1.0,0.0,0.0,0.0,24.0,19.0,0.0,25.0,4.0,0.0,271.0,109.0,2124.0,68.0,0.0,0.0,3.0,0.0,0.0,5.0,0.0,0.0,0.0,0.0,3.0,0.0,0.0,0.0,0.0,30.0,0.0,37.0,0.0,0.0,0.0,0.0,79.0,0.0,0.0,0.0,0.0,0.0,0.0,0.0,0.0,0.0,0.0,0.0,0.0,0.0,0.0,0.0,0.0,283.0,WT,F,Sham,PAN,Baseline,PAN
Villapol_284_B,1395.0,28.0,0.0,0.0,18.0,135.0,0.0,1.0,0.0,61.0,26.0,0.0,540.0,1829.0,824.0,81.0,2192.0,4.0,210.0,6567.0,167.0,7.0,610.0,229.0,490.0,0.0,9.0,46.0,0.0,603.0,28.0,0.0,9.0,112.0,0.0,3.0,0.0,187.0,15.0,87.0,1.0,48.0,30.0,735.0,217.0,0.0,0.0,0.0,372.0,47.0,0.0,152.0,0.0,0.0,40.0,815.0,8.0,0.0,8.0,0.0,28.0,0.0,0.0,0.0,0.0,17.0,19.0,0.0,0.0,0.0,16.0,4.0,0.0,122.0,6.0,0.0,0.0,0.0,0.0,4.0,0.0,0.0,6.0,0.0,36.0,4.0,0.0,22.0,0.0,1947.0,42.0,0.0,0.0,0.0,0.0,0.0,0.0,0.0,0.0,0.0,0.0,0.0,5.0,0.0,0.0,0.0,56.0,0.0,0.0,0.0,0.0,0.0,115.0,44.0,0.0,0.0,0.0,0.0,0.0,0.0,0.0,0.0,0.0,0.0,0.0,4.0,0.0,0.0,0.0,1.0,284.0,WT,M,Sham,Vehicle,Baseline,PAN
Villapol_285_B,1911.0,80.0,0.0,56.0,10.0,221.0,0.0,0.0,0.0,130.0,29.0,0.0,581.0,1946.0,590.0,231.0,2914.0,6.0,163.0,5519.0,171.0,19.0,66.0,213.0,717.0,0.0,0.0,31.0,0.0,521.0,37.0,0.0,26.0,149.0,0.0,0.0,0.0,780.0,44.0,89.0,0.0,12.0,44.0,463.0,281.0,0.0,1.0,0.0,471.0,56.0,0.0,215.0,0.0,0.0,18.0,229.0,13.0,0.0,15.0,0.0,8.0,0.0,0.0,0.0,5.0,3.0,17.0,0.0,0.0,0.0,53.0,0.0,0.0,182.0,0.0,0.0,2.0,0.0,0.0,7.0,0.0,0.0,11.0,0.0,38.0,0.0,0.0,58.0,0.0,609.0,10.0,0.0,0.0,3.0,0.0,0.0,15.0,0.0,0.0,0.0,0.0,0.0,4.0,0.0,0.0,0.0,49.0,0.0,0.0,0.0,0.0,0.0,81.0,109.0,2.0,0.0,0.0,0.0,0.0,0.0,0.0,0.0,0.0,0.0,0.0,0.0,0.0,0.0,0.0,0.0,285.0,WT,M,Sham,Vehicle,Baseline,PAN
Villapol_286_B,2273.0,43.0,0.0,0.0,11.0,74.0,0.0,0.0,0.0,114.0,23.0,1.0,324.0,1118.0,454.0,76.0,2312.0,10.0,103.0,5008.0,61.0,16.0,4.0,251.0,749.0,9.0,0.0,23.0,0.0,437.0,4.0,0.0,7.0,232.0,0.0,0.0,0.0,432.0,30.0,85.0,0.0,181.0,18.0,551.0,124.0,0.0,1.0,0.0,546.0,38.0,0.0,223.0,2.0,0.0,10.0,232.0,16.0,0.0,8.0,0.0,25.0,0.0,0.0,0.0,0.0,9.0,21.0,0.0,0.0,0.0,12.0,2.0,0.0,53.0,7.0,0.0,0.0,0.0,0.0,7.0,0.0,0.0,58.0,0.0,2.0,0.0,0.0,0.0,0.0,3172.0,15.0,0.0,0.0,5.0,0.0,0.0,1.0,0.0,15.0,0.0,0.0,0.0,2.0,0.0,0.0,10.0,29.0,0.0,0.0,0.0,0.0,0.0,59.0,187.0,3.0,0.0,0.0,0.0,0.0,0.0,0.0,0.0,0.0,0.0,0.0,0.0,0.0,0.0,0.0,0.0,286.0,WT,M,Sham,Vehicle,Baseline,PAN
Villapol_287_B,3105.0,113.0,0.0,0.0,21.0,205.0,0.0,0.0,1.0,175.0,49.0,80.0,894.0,1840.0,721.0,125.0,3597.0,16.0,226.0,9096.0,385.0,16.0,69.0,364.0,1441.0,13.0,150.0,28.0,0.0,372.0,105.0,0.0,4.0,163.0,0.0,0.0,4.0,371.0,68.0,422.0,0.0,184.0,25.0,913.0,371.0,0.0,0.0,0.0,748.0,36.0,0.0,255.0,0.0,0.0,31.0,345.0,16.0,0.0,12.0,0.0,50.0,260.0,0.0,0.0,0.0,25.0,35.0,10.0,2.0,4.0,13.0,11.0,0.0,58.0,0.0,0.0,0.0,0.0,0.0,0.0,0.0,0.0,63.0,0.0,7.0,0.0,0.0,2.0,0.0,6635.0,85.0,0.0,0.0,9.0,0.0,0.0,4.0,0.0,5.0,0.0,0.0,0.0,0.0,0.0,0.0,0.0,43.0,0.0,0.0,0.0,0.0,0.0,137.0,180.0,0.0,0.0,0.0,0.0,0.0,0.0,0.0,0.0,0.0,0.0,0.0,8.0,0.0,0.0,0.0,0.0,287.0,WT,M,Sham,Vehicle,Baseline,PAN
Villapol_288_B,3093.0,64.0,0.0,9.0,10.0,217.0,0.0,0.0,0.0,66.0,42.0,0.0,531.0,1900.0,645.0,97.0,3088.0,8.0,99.0,1324.0,210.0,22.0,606.0,72.0,1101.0,0.0,4.0,43.0,0.0,616.0,5.0,0.0,6.0,203.0,0.0,0.0,0.0,222.0,50.0,249.0,0.0,212.0,42.0,219.0,334.0,0.0,0.0,0.0,776.0,31.0,0.0,312.0,0.0,0.0,24.0,529.0,13.0,0.0,3.0,0.0,30.0,0.0,0.0,0.0,0.0,5.0,2.0,0.0,9.0,19.0,14.0,14.0,0.0,47.0,12.0,0.0,0.0,0.0,0.0,4.0,0.0,0.0,43.0,0.0,36.0,3.0,0.0,7.0,0.0,34.0,87.0,0.0,0.0,4.0,2.0,0.0,14.0,0.0,0.0,0.0,0.0,0.0,5.0,0.0,0.0,0.0,47.0,0.0,0.0,0.0,0.0,0.0,24.0,172.0,0.0,0.0,0.0,0.0,0.0,0.0,0.0,0.0,0.0,0.0,0.0,0.0,0.0,0.0,0.0,0.0,288.0,WT,M,Sham,Vehicle,Baseline,PAN
Villapol_289_B,1555.0,33.0,0.0,0.0,3460.0,68.0,0.0,3.0,0.0,43.0,25.0,0.0,128.0,274.0,138.0,32.0,823.0,6.0,46.0,7285.0,128.0,7.0,57.0,142.0,199.0,62.0,127.0,0.0,0.0,190.0,5.0,0.0,7.0,27.0,0.0,0.0,0.0,485.0,7.0,63.0,0.0,92.0,19.0,34.0,78.0,0.0,0.0,0.0,211.0,164.0,0.0,108.0,0.0,328.0,6.0,33.0,0.0,0.0,0.0,0.0,6.0,0.0,14.0,6.0,0.0,0.0,91.0,0.0,0.0,0.0,4.0,0.0,0.0,140.0,4.0,0.0,0.0,0.0,0.0,0.0,0.0,0.0,30.0,0.0,6.0,0.0,0.0,0.0,0.0,3828.0,101.0,0.0,0.0,0.0,0.0,0.0,4.0,0.0,0.0,0.0,0.0,0.0,0.0,0.0,0.0,0.0,13.0,0.0,0.0,0.0,0.0,0.0,0.0,60.0,0.0,0.0,0.0,0.0,0.0,0.0,0.0,0.0,0.0,0.0,0.0,0.0,0.0,0.0,0.0,0.0,289.0,WT,F,Sham,Vehicle,Baseline,PAN
Villapol_290_B,1421.0,14.0,0.0,0.0,2029.0,22.0,0.0,2.0,0.0,49.0,8.0,0.0,48.0,71.0,0.0,7.0,355.0,7.0,19.0,7038.0,33.0,0.0,13.0,176.0,374.0,116.0,65.0,0.0,0.0,29.0,0.0,0.0,0.0,28.0,0.0,0.0,0.0,271.0,15.0,40.0,0.0,46.0,7.0,14.0,46.0,0.0,0.0,0.0,257.0,57.0,0.0,114.0,0.0,396.0,0.0,0.0,11.0,0.0,0.0,0.0,0.0,0.0,30.0,0.0,0.0,0.0,129.0,0.0,0.0,0.0,16.0,0.0,0.0,17.0,0.0,0.0,0.0,0.0,0.0,0.0,0.0,0.0,14.0,0.0,5.0,0.0,0.0,0.0,0.0,4520.0,18.0,0.0,0.0,0.0,0.0,0.0,5.0,2.0,0.0,0.0,0.0,0.0,0.0,0.0,2.0,0.0,0.0,0.0,0.0,0.0,0.0,0.0,0.0,60.0,0.0,0.0,0.0,0.0,0.0,0.0,0.0,0.0,0.0,0.0,0.0,0.0,0.0,0.0,0.0,0.0,290.0,WT,F,Sham,Vehicle,Baseline,PAN
Villapol_291_B,2147.0,14.0,0.0,0.0,2023.0,58.0,7.0,2.0,0.0,116.0,11.0,0.0,104.0,139.0,20.0,27.0,466.0,10.0,7.0,6342.0,174.0,3.0,81.0,947.0,611.0,253.0,48.0,0.0,0.0,89.0,4.0,0.0,0.0,76.0,0.0,0.0,0.0,548.0,31.0,74.0,0.0,143.0,22.0,57.0,61.0,0.0,0.0,0.0,581.0,4.0,0.0,273.0,0.0,377.0,0.0,46.0,9.0,0.0,0.0,0.0,0.0,139.0,25.0,0.0,0.0,3.0,239.0,0.0,0.0,0.0,29.0,0.0,0.0,21.0,0.0,0.0,0.0,2.0,0.0,0.0,0.0,0.0,57.0,0.0,6.0,0.0,0.0,0.0,0.0,2688.0,0.0,2.0,0.0,0.0,0.0,0.0,3.0,0.0,0.0,0.0,0.0,0.0,0.0,0.0,0.0,0.0,19.0,0.0,0.0,0.0,0.0,0.0,0.0,55.0,0.0,0.0,0.0,0.0,0.0,0.0,0.0,0.0,0.0,0.0,0.0,0.0,0.0,0.0,0.0,0.0,291.0,WT,F,Sham,Vehicle,Baseline,PAN
Villapol_292_B,1981.0,26.0,0.0,0.0,1574.0,39.0,0.0,4.0,0.0,140.0,24.0,15.0,138.0,333.0,89.0,72.0,960.0,11.0,30.0,5819.0,22.0,0.0,18.0,440.0,381.0,152.0,117.0,0.0,0.0,214.0,10.0,0.0,29.0,132.0,0.0,0.0,0.0,627.0,48.0,298.0,1.0,96.0,37.0,105.0,85.0,0.0,1.0,0.0,393.0,24.0,0.0,225.0,0.0,617.0,0.0,46.0,12.0,0.0,10.0,0.0,0.0,553.0,39.0,0.0,2.0,0.0,126.0,0.0,0.0,0.0,42.0,6.0,0.0,18.0,8.0,0.0,0.0,0.0,0.0,0.0,0.0,0.0,51.0,0.0,17.0,0.0,0.0,10.0,0.0,3854.0,23.0,0.0,0.0,0.0,0.0,0.0,7.0,0.0,0.0,0.0,0.0,0.0,0.0,0.0,0.0,0.0,16.0,0.0,0.0,0.0,0.0,0.0,0.0,15.0,0.0,0.0,0.0,0.0,0.0,0.0,0.0,0.0,0.0,0.0,0.0,0.0,0.0,0.0,0.0,0.0,292.0,WT,F,Sham,Vehicle,Baseline,PAN
Villapol_293_B,2644.0,34.0,0.0,41.0,3085.0,24.0,0.0,7.0,0.0,85.0,42.0,1.0,95.0,140.0,44.0,13.0,537.0,7.0,19.0,9297.0,420.0,3.0,63.0,719.0,561.0,205.0,59.0,0.0,0.0,48.0,0.0,0.0,4.0,36.0,0.0,0.0,0.0,185.0,24.0,17.0,0.0,22.0,16.0,11.0,45.0,0.0,3.0,0.0,369.0,89.0,0.0,214.0,0.0,569.0,3.0,36.0,8.0,0.0,0.0,0.0,0.0,41.0,37.0,0.0,0.0,0.0,159.0,0.0,0.0,0.0,14.0,2.0,0.0,57.0,0.0,0.0,0.0,1.0,0.0,6.0,0.0,0.0,60.0,0.0,5.0,2.0,0.0,0.0,0.0,2685.0,37.0,0.0,0.0,0.0,0.0,0.0,4.0,0.0,0.0,0.0,0.0,0.0,0.0,0.0,0.0,0.0,10.0,0.0,0.0,0.0,0.0,0.0,0.0,60.0,0.0,0.0,0.0,0.0,0.0,0.0,0.0,0.0,0.0,0.0,0.0,0.0,0.0,0.0,0.0,0.0,293.0,WT,F,Sham,Vehicle,Baseline,PAN
Villapol_35d_234,2513.0,39.0,8.0,0.0,1609.0,48.0,0.0,3.0,0.0,96.0,40.0,3.0,277.0,438.0,69.0,10.0,725.0,8.0,61.0,5940.0,77.0,4.0,191.0,383.0,661.0,117.0,4.0,0.0,0.0,212.0,0.0,0.0,4.0,141.0,0.0,0.0,0.0,529.0,13.0,70.0,2.0,34.0,30.0,1.0,157.0,0.0,0.0,0.0,338.0,0.0,0.0,163.0,0.0,112.0,6.0,104.0,5.0,10.0,29.0,0.0,0.0,0.0,0.0,0.0,4.0,13.0,70.0,0.0,0.0,4.0,0.0,3.0,0.0,36.0,5.0,0.0,0.0,0.0,0.0,0.0,12.0,101.0,35.0,0.0,11.0,0.0,0.0,0.0,7.0,3690.0,37.0,0.0,0.0,5.0,0.0,0.0,6.0,0.0,0.0,0.0,0.0,0.0,4.0,0.0,0.0,0.0,25.0,0.0,17.0,0.0,0.0,0.0,0.0,82.0,0.0,0.0,0.0,0.0,0.0,0.0,0.0,0.0,0.0,0.0,0.0,0.0,0.0,0.0,0.0,0.0,234.0,WT,M,CCI,PAN,35d,PAN
Villapol_35d_236,730.0,61.0,6.0,0.0,655.0,67.0,0.0,0.0,0.0,29.0,28.0,1.0,154.0,605.0,74.0,29.0,1243.0,5.0,53.0,2576.0,45.0,4.0,0.0,813.0,404.0,155.0,50.0,9.0,0.0,288.0,6.0,0.0,36.0,85.0,0.0,0.0,0.0,61.0,64.0,94.0,4.0,76.0,12.0,0.0,157.0,0.0,0.0,0.0,201.0,0.0,0.0,124.0,0.0,240.0,7.0,92.0,0.0,13.0,4.0,0.0,7.0,193.0,15.0,0.0,0.0,6.0,27.0,0.0,0.0,0.0,5.0,0.0,0.0,28.0,0.0,0.0,0.0,0.0,0.0,0.0,0.0,100.0,58.0,0.0,13.0,0.0,0.0,49.0,4.0,666.0,23.0,0.0,0.0,0.0,0.0,0.0,10.0,0.0,0.0,0.0,0.0,0.0,3.0,0.0,0.0,0.0,18.0,0.0,0.0,0.0,0.0,0.0,0.0,20.0,0.0,0.0,0.0,0.0,0.0,0.0,0.0,0.0,0.0,0.0,1.0,0.0,0.0,0.0,0.0,0.0,236.0,WT,M,CCI,PAN,35d,PAN
Villapol_35d_237,3366.0,36.0,5.0,0.0,1201.0,106.0,0.0,1.0,0.0,61.0,19.0,0.0,290.0,485.0,132.0,54.0,1292.0,10.0,78.0,5726.0,276.0,0.0,16.0,765.0,718.0,469.0,0.0,0.0,0.0,55.0,41.0,0.0,10.0,111.0,0.0,0.0,0.0,543.0,11.0,37.0,0.0,105.0,28.0,0.0,106.0,0.0,0.0,0.0,548.0,4.0,0.0,389.0,0.0,439.0,4.0,91.0,14.0,19.0,36.0,0.0,13.0,0.0,28.0,0.0,4.0,5.0,77.0,0.0,0.0,11.0,0.0,6.0,0.0,23.0,0.0,0.0,0.0,0.0,0.0,7.0,7.0,211.0,259.0,0.0,5.0,3.0,0.0,7.0,8.0,1225.0,23.0,0.0,0.0,12.0,0.0,0.0,6.0,0.0,0.0,0.0,0.0,0.0,0.0,0.0,0.0,0.0,28.0,0.0,9.0,0.0,0.0,0.0,0.0,185.0,0.0,0.0,0.0,0.0,0.0,0.0,0.0,0.0,0.0,0.0,0.0,0.0,0.0,0.0,0.0,0.0,237.0,WT,M,CCI,PAN,35d,PAN
Villapol_35d_238,2092.0,30.0,14.0,14.0,642.0,241.0,0.0,0.0,2.0,59.0,32.0,1.0,557.0,1264.0,225.0,56.0,2246.0,12.0,79.0,3784.0,149.0,7.0,5.0,487.0,837.0,186.0,68.0,8.0,0.0,800.0,18.0,0.0,9.0,179.0,0.0,0.0,0.0,150.0,7.0,329.0,0.0,195.0,28.0,3.0,316.0,0.0,1.0,0.0,672.0,0.0,0.0,396.0,0.0,299.0,13.0,218.0,6.0,12.0,21.0,0.0,20.0,0.0,21.0,0.0,0.0,7.0,42.0,0.0,1.0,7.0,0.0,10.0,0.0,72.0,0.0,0.0,0.0,0.0,0.0,0.0,7.0,219.0,59.0,0.0,41.0,0.0,0.0,106.0,9.0,3352.0,45.0,0.0,0.0,6.0,0.0,0.0,6.0,0.0,0.0,0.0,0.0,0.0,4.0,0.0,0.0,0.0,44.0,0.0,16.0,0.0,0.0,0.0,0.0,30.0,0.0,0.0,0.0,0.0,0.0,0.0,0.0,0.0,0.0,0.0,0.0,0.0,0.0,0.0,0.0,0.0,238.0,WT,M,CCI,PAN,35d,PAN
Villapol_35d_239,3057.0,90.0,27.0,0.0,58.0,89.0,77.0,3.0,0.0,73.0,44.0,18.0,206.0,525.0,91.0,37.0,819.0,9.0,66.0,5648.0,384.0,7.0,0.0,2235.0,1252.0,13.0,4.0,0.0,0.0,304.0,3.0,0.0,2.0,208.0,3.0,0.0,29.0,124.0,16.0,146.0,3.0,233.0,37.0,77.0,241.0,0.0,3.0,0.0,1528.0,66.0,0.0,547.0,0.0,174.0,4.0,66.0,13.0,25.0,0.0,0.0,12.0,209.0,16.0,0.0,4.0,4.0,174.0,0.0,0.0,5.0,8.0,2.0,0.0,27.0,0.0,0.0,0.0,1.0,0.0,6.0,0.0,479.0,83.0,2.0,7.0,5.0,0.0,0.0,20.0,927.0,21.0,0.0,0.0,8.0,0.0,0.0,0.0,0.0,0.0,0.0,0.0,0.0,2.0,0.0,0.0,0.0,30.0,0.0,41.0,0.0,0.0,0.0,0.0,12.0,0.0,0.0,0.0,0.0,0.0,0.0,0.0,3.0,0.0,0.0,0.0,0.0,0.0,0.0,0.0,0.0,239.0,WT,M,CCI,PAN,35d,PAN
Villapol_35d_240,2776.0,2.0,16.0,0.0,29.0,96.0,111.0,1.0,0.0,65.0,35.0,0.0,212.0,785.0,74.0,108.0,2054.0,9.0,86.0,5160.0,79.0,7.0,297.0,1772.0,963.0,8.0,32.0,10.0,0.0,137.0,13.0,0.0,30.0,250.0,0.0,0.0,0.0,122.0,10.0,211.0,1.0,44.0,22.0,105.0,240.0,0.0,0.0,0.0,581.0,52.0,0.0,332.0,0.0,166.0,7.0,119.0,8.0,21.0,4.0,0.0,14.0,36.0,0.0,0.0,7.0,32.0,132.0,0.0,0.0,5.0,8.0,3.0,0.0,53.0,6.0,0.0,0.0,0.0,0.0,0.0,6.0,289.0,164.0,0.0,6.0,4.0,0.0,0.0,12.0,1397.0,38.0,0.0,0.0,6.0,0.0,0.0,0.0,0.0,0.0,0.0,0.0,0.0,4.0,0.0,0.0,0.0,37.0,0.0,35.0,0.0,0.0,0.0,0.0,61.0,0.0,0.0,0.0,0.0,0.0,0.0,0.0,0.0,1.0,0.0,0.0,0.0,0.0,0.0,0.0,0.0,240.0,WT,M,CCI,PAN,35d,PAN
Villapol_35d_241,3845.0,43.0,27.0,0.0,58.0,94.0,0.0,0.0,0.0,117.0,53.0,31.0,310.0,732.0,175.0,170.0,2307.0,11.0,129.0,3907.0,232.0,8.0,21.0,1737.0,1365.0,9.0,65.0,10.0,0.0,570.0,23.0,0.0,20.0,360.0,0.0,1.0,0.0,158.0,66.0,187.0,0.0,180.0,41.0,0.0,227.0,2.0,0.0,0.0,1048.0,69.0,0.0,670.0,0.0,129.0,6.0,73.0,22.0,71.0,5.0,0.0,6.0,0.0,0.0,0.0,8.0,20.0,107.0,0.0,0.0,7.0,21.0,5.0,0.0,76.0,8.0,0.0,0.0,0.0,0.0,14.0,0.0,1045.0,301.0,0.0,5.0,5.0,0.0,0.0,37.0,2136.0,41.0,0.0,0.0,7.0,0.0,0.0,12.0,0.0,0.0,0.0,0.0,0.0,0.0,0.0,0.0,0.0,41.0,0.0,61.0,0.0,0.0,0.0,0.0,6.0,0.0,0.0,0.0,0.0,0.0,0.0,0.0,2.0,0.0,0.0,0.0,0.0,0.0,0.0,0.0,0.0,241.0,WT,M,CCI,PAN,35d,PAN
Villapol_35d_242,3054.0,20.0,0.0,0.0,55.0,133.0,0.0,0.0,0.0,112.0,30.0,1.0,155.0,552.0,60.0,42.0,1651.0,10.0,53.0,5073.0,136.0,7.0,0.0,3169.0,1044.0,6.0,58.0,5.0,0.0,402.0,0.0,0.0,9.0,158.0,8.0,0.0,0.0,563.0,46.0,33.0,1.0,112.0,66.0,0.0,183.0,0.0,1.0,0.0,536.0,37.0,0.0,471.0,1.0,310.0,7.0,69.0,13.0,16.0,4.0,0.0,8.0,0.0,18.0,0.0,3.0,6.0,187.0,2.0,0.0,11.0,5.0,3.0,2.0,45.0,4.0,0.0,0.0,0.0,0.0,0.0,0.0,278.0,511.0,0.0,8.0,8.0,0.0,0.0,17.0,1497.0,21.0,0.0,0.0,0.0,0.0,0.0,4.0,0.0,0.0,0.0,0.0,0.0,4.0,0.0,0.0,0.0,19.0,0.0,28.0,0.0,0.0,0.0,0.0,236.0,0.0,0.0,0.0,0.0,0.0,0.0,0.0,0.0,0.0,0.0,0.0,0.0,0.0,0.0,0.0,0.0,242.0,WT,M,CCI,PAN,35d,PAN
Villapol_35d_243,4481.0,164.0,0.0,0.0,40.0,226.0,12.0,0.0,0.0,156.0,77.0,7.0,203.0,900.0,178.0,58.0,1964.0,0.0,57.0,2039.0,446.0,14.0,0.0,1386.0,1307.0,19.0,0.0,6.0,0.0,266.0,0.0,0.0,7.0,205.0,10.0,0.0,0.0,928.0,26.0,7.0,0.0,359.0,147.0,0.0,339.0,0.0,1.0,0.0,1124.0,0.0,0.0,795.0,0.0,211.0,0.0,287.0,16.0,19.0,0.0,0.0,9.0,0.0,0.0,0.0,6.0,19.0,72.0,0.0,0.0,16.0,16.0,0.0,0.0,50.0,6.0,0.0,0.0,0.0,0.0,8.0,0.0,353.0,223.0,0.0,0.0,9.0,0.0,0.0,12.0,131.0,17.0,0.0,0.0,5.0,0.0,0.0,0.0,0.0,0.0,0.0,0.0,0.0,6.0,0.0,0.0,0.0,22.0,0.0,27.0,0.0,0.0,0.0,0.0,26.0,0.0,0.0,8.0,0.0,0.0,0.0,0.0,0.0,0.0,0.0,0.0,0.0,0.0,0.0,0.0,0.0,243.0,WT,M,CCI,PAN,35d,PAN
Villapol_35d_244,990.0,0.0,5.0,0.0,840.0,46.0,44.0,0.0,0.0,65.0,11.0,37.0,58.0,133.0,14.0,32.0,425.0,0.0,7.0,1231.0,34.0,0.0,68.0,1077.0,369.0,0.0,50.0,0.0,0.0,86.0,1.0,0.0,0.0,66.0,16.0,0.0,0.0,61.0,22.0,97.0,0.0,22.0,8.0,24.0,73.0,0.0,0.0,0.0,304.0,12.0,0.0,138.0,0.0,0.0,0.0,31.0,2.0,4.0,0.0,0.0,0.0,32.0,0.0,0.0,5.0,0.0,31.0,0.0,0.0,0.0,7.0,0.0,0.0,20.0,0.0,0.0,0.0,0.0,1.0,0.0,0.0,47.0,16.0,0.0,0.0,0.0,0.0,0.0,3.0,2498.0,21.0,0.0,0.0,0.0,0.0,0.0,0.0,1.0,0.0,0.0,0.0,0.0,0.0,0.0,0.0,0.0,5.0,0.0,11.0,0.0,0.0,0.0,0.0,0.0,0.0,0.0,0.0,0.0,0.0,0.0,0.0,0.0,0.0,0.0,0.0,0.0,0.0,0.0,0.0,0.0,244.0,WT,F,CCI,PAN,35d,PAN
Villapol_35d_245,2319.0,0.0,5.0,0.0,1534.0,122.0,84.0,1.0,0.0,139.0,26.0,0.0,121.0,477.0,75.0,78.0,1527.0,14.0,49.0,3082.0,49.0,6.0,247.0,2166.0,888.0,0.0,0.0,14.0,0.0,344.0,3.0,0.0,6.0,153.0,0.0,0.0,0.0,485.0,41.0,165.0,0.0,101.0,30.0,62.0,207.0,0.0,0.0,0.0,783.0,24.0,0.0,305.0,1.0,0.0,7.0,131.0,9.0,11.0,10.0,0.0,8.0,0.0,0.0,0.0,2.0,2.0,107.0,0.0,0.0,0.0,74.0,0.0,0.0,41.0,8.0,0.0,0.0,0.0,0.0,5.0,0.0,178.0,0.0,0.0,32.0,0.0,0.0,6.0,10.0,4208.0,3.0,0.0,0.0,5.0,0.0,0.0,5.0,0.0,0.0,0.0,0.0,0.0,2.0,0.0,0.0,0.0,27.0,0.0,24.0,0.0,0.0,0.0,0.0,4.0,0.0,0.0,0.0,0.0,0.0,0.0,0.0,0.0,0.0,0.0,0.0,0.0,0.0,0.0,0.0,0.0,245.0,WT,F,CCI,PAN,35d,PAN
Villapol_35d_246,2057.0,0.0,11.0,0.0,1515.0,92.0,14.0,0.0,0.0,96.0,47.0,0.0,125.0,370.0,69.0,49.0,1375.0,10.0,44.0,3067.0,10.0,3.0,0.0,2153.0,875.0,0.0,56.0,0.0,0.0,260.0,0.0,0.0,3.0,127.0,18.0,0.0,0.0,292.0,31.0,31.0,0.0,183.0,35.0,17.0,192.0,0.0,0.0,0.0,802.0,16.0,0.0,322.0,0.0,0.0,5.0,80.0,4.0,6.0,0.0,0.0,0.0,0.0,0.0,0.0,0.0,13.0,127.0,0.0,0.0,0.0,66.0,0.0,0.0,45.0,0.0,0.0,0.0,0.0,0.0,6.0,0.0,151.0,0.0,0.0,0.0,4.0,0.0,0.0,10.0,6333.0,0.0,0.0,0.0,0.0,0.0,0.0,10.0,0.0,0.0,0.0,0.0,0.0,0.0,0.0,0.0,0.0,19.0,0.0,25.0,0.0,0.0,0.0,0.0,78.0,0.0,0.0,0.0,0.0,0.0,0.0,0.0,0.0,0.0,0.0,0.0,0.0,0.0,0.0,0.0,0.0,246.0,WT,F,CCI,PAN,35d,PAN
Villapol_35d_247,3334.0,0.0,17.0,0.0,758.0,141.0,0.0,1.0,0.0,92.0,43.0,2.0,315.0,693.0,314.0,60.0,2584.0,23.0,40.0,1552.0,71.0,16.0,0.0,2130.0,624.0,0.0,0.0,9.0,0.0,236.0,0.0,0.0,19.0,125.0,44.0,0.0,0.0,18.0,21.0,16.0,4.0,7.0,219.0,9.0,547.0,0.0,0.0,0.0,939.0,15.0,0.0,241.0,0.0,0.0,14.0,55.0,13.0,15.0,30.0,3.0,0.0,0.0,0.0,0.0,0.0,10.0,56.0,0.0,0.0,0.0,85.0,6.0,0.0,160.0,0.0,0.0,0.0,0.0,0.0,0.0,0.0,110.0,49.0,0.0,0.0,0.0,0.0,0.0,8.0,6042.0,0.0,0.0,0.0,0.0,0.0,0.0,12.0,0.0,0.0,0.0,1.0,0.0,0.0,0.0,0.0,0.0,0.0,0.0,20.0,0.0,0.0,0.0,0.0,0.0,0.0,0.0,0.0,0.0,0.0,0.0,0.0,0.0,0.0,0.0,0.0,0.0,0.0,0.0,0.0,0.0,247.0,WT,F,CCI,PAN,35d,PAN
Villapol_35d_248,2728.0,32.0,30.0,45.0,1244.0,84.0,78.0,5.0,0.0,121.0,35.0,3.0,163.0,503.0,84.0,103.0,1157.0,7.0,31.0,3865.0,89.0,8.0,154.0,2236.0,1096.0,179.0,0.0,8.0,0.0,142.0,21.0,0.0,10.0,234.0,9.0,0.0,0.0,280.0,36.0,48.0,0.0,109.0,45.0,1.0,188.0,0.0,4.0,0.0,689.0,22.0,0.0,465.0,0.0,198.0,6.0,62.0,6.0,25.0,9.0,0.0,8.0,0.0,14.0,2.0,7.0,3.0,94.0,0.0,0.0,4.0,52.0,0.0,0.0,34.0,0.0,0.0,0.0,0.0,0.0,0.0,0.0,476.0,21.0,0.0,17.0,0.0,1.0,0.0,13.0,1957.0,24.0,0.0,0.0,3.0,0.0,1.0,12.0,0.0,0.0,0.0,0.0,0.0,4.0,0.0,0.0,0.0,20.0,0.0,20.0,0.0,0.0,0.0,249.0,4.0,0.0,0.0,2.0,0.0,0.0,0.0,0.0,0.0,0.0,0.0,0.0,0.0,0.0,0.0,0.0,0.0,248.0,WT,F,CCI,PAN,35d,PAN
Villapol_35d_249,2863.0,60.0,15.0,0.0,642.0,44.0,29.0,3.0,2.0,88.0,34.0,0.0,69.0,249.0,26.0,89.0,707.0,11.0,11.0,4489.0,312.0,0.0,417.0,2157.0,1521.0,451.0,0.0,0.0,0.0,101.0,0.0,0.0,0.0,219.0,0.0,0.0,1.0,783.0,4.0,25.0,0.0,58.0,80.0,1.0,149.0,0.0,0.0,0.0,471.0,32.0,0.0,377.0,0.0,610.0,0.0,41.0,8.0,25.0,7.0,0.0,7.0,0.0,36.0,3.0,5.0,8.0,233.0,0.0,4.0,9.0,30.0,0.0,0.0,24.0,14.0,0.0,0.0,0.0,0.0,0.0,12.0,342.0,39.0,0.0,7.0,0.0,0.0,0.0,23.0,2362.0,10.0,0.0,0.0,7.0,0.0,0.0,12.0,0.0,0.0,0.0,0.0,2.0,0.0,0.0,3.0,0.0,16.0,0.0,35.0,0.0,0.0,0.0,692.0,8.0,0.0,0.0,5.0,0.0,0.0,0.0,0.0,0.0,0.0,0.0,0.0,0.0,0.0,0.0,0.0,0.0,249.0,WT,F,CCI,PAN,35d,PAN
Villapol_35d_250,2222.0,49.0,0.0,0.0,607.0,80.0,13.0,0.0,0.0,100.0,62.0,14.0,218.0,622.0,139.0,43.0,2113.0,19.0,71.0,5362.0,281.0,7.0,0.0,2074.0,673.0,317.0,0.0,0.0,0.0,503.0,9.0,0.0,7.0,146.0,0.0,0.0,0.0,20.0,4.0,247.0,0.0,80.0,21.0,6.0,404.0,0.0,0.0,0.0,607.0,18.0,0.0,320.0,0.0,562.0,15.0,321.0,15.0,19.0,20.0,0.0,8.0,30.0,33.0,0.0,10.0,9.0,193.0,0.0,2.0,5.0,76.0,6.0,0.0,113.0,7.0,0.0,0.0,0.0,0.0,8.0,8.0,419.0,77.0,0.0,0.0,0.0,0.0,0.0,21.0,1670.0,20.0,0.0,0.0,0.0,0.0,0.0,26.0,0.0,0.0,0.0,0.0,0.0,0.0,0.0,0.0,0.0,14.0,0.0,47.0,0.0,0.0,0.0,479.0,5.0,0.0,0.0,7.0,0.0,0.0,0.0,0.0,0.0,0.0,0.0,0.0,0.0,0.0,0.0,0.0,0.0,250.0,WT,F,CCI,PAN,35d,PAN
Villapol_35d_251,3522.0,44.0,14.0,0.0,267.0,68.0,33.0,15.0,0.0,71.0,22.0,2.0,204.0,377.0,40.0,97.0,1392.0,11.0,34.0,2246.0,128.0,9.0,13.0,3171.0,1622.0,309.0,8.0,5.0,0.0,5.0,10.0,0.0,4.0,274.0,0.0,0.0,0.0,932.0,29.0,66.0,0.0,5.0,69.0,0.0,128.0,1.0,0.0,0.0,1187.0,26.0,0.0,663.0,1.0,525.0,0.0,33.0,4.0,33.0,24.0,0.0,5.0,0.0,21.0,0.0,7.0,16.0,92.0,10.0,0.0,12.0,118.0,0.0,0.0,132.0,0.0,0.0,0.0,0.0,0.0,0.0,0.0,565.0,64.0,0.0,4.0,7.0,0.0,0.0,19.0,3232.0,0.0,0.0,0.0,6.0,5.0,0.0,9.0,0.0,0.0,0.0,0.0,2.0,0.0,0.0,0.0,0.0,17.0,0.0,38.0,4.0,0.0,0.0,246.0,144.0,0.0,0.0,0.0,0.0,0.0,0.0,3.0,0.0,0.0,0.0,0.0,0.0,0.0,0.0,0.0,0.0,251.0,WT,F,CCI,PAN,35d,PAN
Villapol_35d_252,2410.0,48.0,15.0,10.0,682.0,114.0,0.0,1.0,0.0,151.0,38.0,34.0,173.0,406.0,44.0,26.0,982.0,16.0,25.0,5298.0,315.0,6.0,15.0,1694.0,1391.0,294.0,32.0,0.0,0.0,300.0,21.0,0.0,5.0,131.0,15.0,0.0,1.0,842.0,35.0,115.0,3.0,149.0,119.0,0.0,341.0,1.0,1.0,0.0,616.0,43.0,0.0,360.0,0.0,452.0,8.0,178.0,6.0,22.0,0.0,0.0,3.0,285.0,24.0,0.0,5.0,0.0,273.0,0.0,0.0,5.0,56.0,0.0,0.0,30.0,21.0,0.0,0.0,0.0,0.0,0.0,0.0,343.0,141.0,0.0,7.0,6.0,0.0,0.0,15.0,1961.0,25.0,0.0,0.0,0.0,0.0,0.0,6.0,0.0,0.0,0.0,0.0,0.0,0.0,0.0,0.0,0.0,18.0,0.0,41.0,3.0,0.0,0.0,652.0,6.0,0.0,0.0,3.0,0.0,0.0,0.0,0.0,0.0,0.0,0.0,0.0,0.0,0.0,0.0,0.0,0.0,252.0,WT,F,CCI,PAN,35d,PAN
Villapol_35d_253,2077.0,17.0,13.0,0.0,739.0,165.0,0.0,1.0,0.0,83.0,62.0,18.0,319.0,863.0,136.0,114.0,1836.0,8.0,64.0,5580.0,127.0,9.0,0.0,955.0,1066.0,108.0,0.0,0.0,0.0,486.0,1.0,0.0,18.0,133.0,0.0,0.0,0.0,30.0,3.0,186.0,0.0,76.0,6.0,3.0,474.0,0.0,2.0,2.0,384.0,5.0,0.0,202.0,0.0,256.0,18.0,374.0,15.0,13.0,0.0,0.0,5.0,0.0,16.0,0.0,5.0,8.0,228.0,0.0,0.0,5.0,64.0,7.0,0.0,49.0,47.0,0.0,0.0,0.0,1.0,0.0,11.0,321.0,67.0,0.0,11.0,0.0,0.0,0.0,18.0,2388.0,6.0,0.0,0.0,0.0,0.0,0.0,27.0,0.0,0.0,0.0,0.0,0.0,0.0,0.0,0.0,0.0,11.0,0.0,41.0,0.0,0.0,0.0,743.0,14.0,0.0,0.0,6.0,0.0,0.0,0.0,0.0,0.0,0.0,0.0,0.0,0.0,0.0,0.0,0.0,0.0,253.0,WT,F,CCI,PAN,35d,PAN
Villapol_35d_254,3503.0,0.0,0.0,0.0,35.0,108.0,0.0,0.0,0.0,64.0,40.0,0.0,324.0,625.0,128.0,108.0,1658.0,6.0,60.0,3771.0,411.0,14.0,4.0,507.0,472.0,109.0,52.0,16.0,0.0,757.0,8.0,0.0,37.0,131.0,0.0,0.0,0.0,610.0,42.0,142.0,0.0,34.0,17.0,0.0,266.0,0.0,0.0,0.0,833.0,0.0,0.0,171.0,0.0,165.0,11.0,444.0,6.0,0.0,3.0,0.0,24.0,0.0,0.0,0.0,6.0,8.0,24.0,0.0,0.0,0.0,13.0,3.0,0.0,57.0,8.0,0.0,0.0,0.0,0.0,0.0,0.0,0.0,44.0,0.0,0.0,0.0,0.0,107.0,0.0,1305.0,51.0,0.0,0.0,0.0,0.0,0.0,8.0,2.0,0.0,0.0,0.0,0.0,0.0,0.0,0.0,0.0,30.0,0.0,0.0,0.0,0.0,0.0,0.0,51.0,0.0,0.0,0.0,0.0,0.0,0.0,0.0,0.0,0.0,0.0,0.0,0.0,0.0,0.0,0.0,0.0,254.0,WT,M,CCI,Vehicle,35d,PAN
Villapol_35d_255,5339.0,60.0,0.0,14.0,28.0,87.0,22.0,3.0,0.0,93.0,25.0,0.0,269.0,412.0,118.0,61.0,1114.0,7.0,46.0,4855.0,142.0,7.0,187.0,935.0,498.0,60.0,2.0,0.0,0.0,265.0,0.0,0.0,21.0,165.0,0.0,0.0,0.0,655.0,86.0,75.0,0.0,24.0,0.0,1.0,250.0,0.0,2.0,0.0,934.0,0.0,0.0,412.0,0.0,164.0,4.0,7.0,8.0,0.0,7.0,0.0,15.0,0.0,0.0,0.0,0.0,7.0,111.0,0.0,0.0,0.0,0.0,0.0,0.0,52.0,0.0,0.0,0.0,0.0,0.0,0.0,0.0,0.0,176.0,0.0,6.0,0.0,0.0,0.0,0.0,2484.0,54.0,0.0,0.0,0.0,0.0,0.0,18.0,0.0,0.0,0.0,0.0,0.0,0.0,0.0,0.0,0.0,37.0,0.0,0.0,0.0,0.0,0.0,0.0,141.0,0.0,0.0,0.0,0.0,0.0,0.0,0.0,0.0,0.0,0.0,0.0,0.0,0.0,0.0,0.0,0.0,255.0,WT,M,CCI,Vehicle,35d,PAN
Villapol_35d_256,4508.0,115.0,0.0,11.0,34.0,264.0,0.0,0.0,0.0,80.0,228.0,0.0,947.0,1582.0,200.0,115.0,2190.0,10.0,171.0,6050.0,287.0,22.0,2591.0,870.0,1217.0,200.0,59.0,41.0,0.0,511.0,14.0,0.0,43.0,213.0,0.0,0.0,2.0,892.0,14.0,376.0,0.0,0.0,9.0,91.0,878.0,0.0,2.0,0.0,834.0,0.0,0.0,249.0,2.0,221.0,58.0,561.0,9.0,0.0,18.0,0.0,26.0,25.0,2.0,0.0,0.0,19.0,42.0,0.0,2.0,0.0,15.0,23.0,0.0,80.0,14.0,0.0,0.0,0.0,0.0,0.0,11.0,0.0,98.0,0.0,20.0,9.0,0.0,0.0,0.0,1615.0,163.0,0.0,0.0,15.0,0.0,0.0,13.0,0.0,0.0,0.0,0.0,0.0,11.0,0.0,1.0,0.0,57.0,0.0,0.0,0.0,0.0,0.0,0.0,136.0,0.0,0.0,0.0,0.0,0.0,0.0,0.0,0.0,0.0,0.0,0.0,0.0,0.0,0.0,0.0,0.0,256.0,WT,M,CCI,Vehicle,35d,PAN
Villapol_35d_257,3518.0,69.0,0.0,12.0,46.0,249.0,186.0,0.0,0.0,101.0,45.0,0.0,516.0,1807.0,199.0,178.0,3209.0,11.0,69.0,2092.0,400.0,10.0,0.0,2306.0,1600.0,212.0,0.0,13.0,0.0,719.0,1.0,0.0,60.0,363.0,0.0,0.0,0.0,767.0,10.0,149.0,0.0,179.0,95.0,0.0,475.0,0.0,1.0,0.0,2032.0,5.0,0.0,594.0,1.0,241.0,19.0,132.0,17.0,0.0,10.0,0.0,31.0,118.0,0.0,0.0,7.0,0.0,10.0,0.0,3.0,0.0,9.0,3.0,0.0,33.0,13.0,0.0,0.0,0.0,0.0,9.0,0.0,0.0,262.0,0.0,0.0,0.0,0.0,87.0,0.0,41.0,69.0,0.0,0.0,11.0,0.0,0.0,33.0,0.0,0.0,0.0,0.0,0.0,6.0,0.0,0.0,0.0,46.0,0.0,0.0,0.0,0.0,0.0,0.0,9.0,0.0,0.0,0.0,0.0,0.0,0.0,0.0,0.0,0.0,0.0,0.0,0.0,0.0,0.0,2.0,0.0,257.0,WT,M,CCI,Vehicle,35d,PAN
Villapol_35d_258,1645.0,10.0,0.0,0.0,61.0,38.0,0.0,1.0,0.0,35.0,33.0,3.0,186.0,332.0,85.0,13.0,699.0,6.0,28.0,7781.0,169.0,5.0,545.0,202.0,276.0,0.0,22.0,0.0,0.0,62.0,0.0,0.0,21.0,140.0,0.0,0.0,0.0,346.0,7.0,37.0,0.0,15.0,5.0,12.0,98.0,0.0,0.0,0.0,612.0,6.0,0.0,140.0,0.0,39.0,6.0,129.0,3.0,0.0,0.0,0.0,11.0,0.0,0.0,0.0,0.0,21.0,73.0,0.0,0.0,0.0,11.0,3.0,0.0,18.0,0.0,0.0,0.0,0.0,0.0,0.0,0.0,0.0,53.0,0.0,0.0,3.0,0.0,5.0,0.0,3364.0,33.0,0.0,0.0,0.0,0.0,0.0,0.0,0.0,0.0,0.0,0.0,0.0,0.0,0.0,0.0,0.0,19.0,0.0,0.0,0.0,0.0,0.0,0.0,10.0,0.0,0.0,0.0,0.0,0.0,0.0,0.0,0.0,0.0,0.0,0.0,0.0,0.0,0.0,0.0,0.0,258.0,WT,M,CCI,Vehicle,35d,PAN
Villapol_35d_259,2511.0,7.0,0.0,0.0,2575.0,100.0,0.0,0.0,0.0,69.0,12.0,0.0,163.0,328.0,45.0,60.0,923.0,0.0,42.0,6826.0,161.0,5.0,0.0,876.0,705.0,19.0,35.0,0.0,0.0,216.0,0.0,0.0,11.0,83.0,0.0,0.0,3.0,610.0,0.0,33.0,0.0,180.0,9.0,0.0,122.0,0.0,0.0,0.0,493.0,77.0,0.0,179.0,0.0,43.0,0.0,58.0,7.0,0.0,0.0,0.0,8.0,0.0,0.0,0.0,4.0,0.0,108.0,0.0,0.0,10.0,4.0,0.0,0.0,33.0,0.0,0.0,0.0,0.0,0.0,4.0,0.0,0.0,111.0,0.0,6.0,8.0,0.0,0.0,0.0,1431.0,25.0,0.0,0.0,9.0,0.0,0.0,0.0,0.0,0.0,0.0,0.0,0.0,0.0,0.0,0.0,0.0,12.0,0.0,0.0,0.0,0.0,0.0,0.0,84.0,0.0,0.0,0.0,0.0,0.0,0.0,0.0,0.0,0.0,0.0,0.0,0.0,0.0,0.0,0.0,0.0,259.0,WT,M,CCI,Vehicle,35d,PAN
Villapol_35d_261,2043.0,73.0,0.0,0.0,1626.0,62.0,0.0,0.0,0.0,68.0,34.0,0.0,174.0,461.0,86.0,94.0,1188.0,5.0,29.0,6522.0,95.0,5.0,0.0,1059.0,882.0,23.0,31.0,5.0,0.0,540.0,4.0,0.0,4.0,94.0,0.0,0.0,24.0,475.0,6.0,55.0,0.0,178.0,33.0,79.0,258.0,0.0,1.0,0.0,465.0,33.0,0.0,201.0,0.0,17.0,6.0,74.0,15.0,0.0,2.0,0.0,0.0,0.0,0.0,0.0,0.0,0.0,67.0,0.0,0.0,10.0,17.0,5.0,0.0,26.0,6.0,1.0,0.0,0.0,0.0,0.0,0.0,0.0,163.0,0.0,19.0,0.0,0.0,0.0,0.0,539.0,28.0,0.0,0.0,6.0,0.0,0.0,8.0,0.0,0.0,0.0,0.0,0.0,0.0,0.0,0.0,0.0,14.0,0.0,0.0,0.0,0.0,0.0,0.0,63.0,0.0,0.0,0.0,0.0,0.0,0.0,0.0,0.0,0.0,0.0,0.0,0.0,0.0,0.0,0.0,0.0,261.0,WT,M,CCI,Vehicle,35d,PAN
Villapol_35d_262,1687.0,0.0,0.0,0.0,3000.0,42.0,0.0,1.0,0.0,106.0,18.0,0.0,62.0,156.0,53.0,30.0,369.0,13.0,15.0,8044.0,29.0,0.0,79.0,340.0,711.0,8.0,20.0,0.0,0.0,104.0,0.0,0.0,0.0,113.0,0.0,0.0,0.0,160.0,0.0,75.0,0.0,31.0,13.0,15.0,68.0,0.0,0.0,0.0,222.0,84.0,0.0,160.0,0.0,23.0,3.0,41.0,5.0,0.0,0.0,0.0,0.0,0.0,0.0,0.0,5.0,0.0,131.0,0.0,0.0,3.0,23.0,0.0,0.0,0.0,0.0,0.0,3.0,0.0,0.0,0.0,0.0,0.0,0.0,0.0,11.0,0.0,0.0,0.0,0.0,2126.0,9.0,0.0,0.0,0.0,0.0,0.0,13.0,0.0,0.0,0.0,0.0,0.0,0.0,0.0,0.0,0.0,6.0,0.0,0.0,0.0,0.0,0.0,0.0,34.0,0.0,0.0,0.0,0.0,0.0,0.0,0.0,0.0,0.0,0.0,0.0,0.0,0.0,0.0,0.0,0.0,262.0,WT,M,CCI,Vehicle,35d,PAN
Villapol_35d_263,3753.0,38.0,0.0,0.0,4119.0,83.0,0.0,0.0,0.0,105.0,29.0,0.0,223.0,396.0,90.0,31.0,946.0,8.0,56.0,6709.0,117.0,3.0,11.0,998.0,822.0,14.0,3.0,9.0,0.0,331.0,2.0,0.0,8.0,127.0,0.0,0.0,0.0,526.0,9.0,97.0,3.0,170.0,24.0,39.0,120.0,0.0,1.0,0.0,715.0,208.0,0.0,272.0,1.0,30.0,4.0,72.0,14.0,0.0,0.0,0.0,9.0,0.0,0.0,0.0,10.0,0.0,102.0,0.0,0.0,7.0,9.0,0.0,0.0,42.0,5.0,0.0,0.0,0.0,0.0,0.0,5.0,0.0,354.0,0.0,21.0,8.0,0.0,0.0,0.0,1115.0,26.0,0.0,0.0,8.0,0.0,0.0,24.0,0.0,0.0,0.0,0.0,0.0,0.0,0.0,0.0,0.0,30.0,0.0,0.0,0.0,14.0,0.0,0.0,155.0,0.0,0.0,0.0,0.0,0.0,0.0,0.0,0.0,0.0,0.0,0.0,0.0,0.0,0.0,0.0,0.0,263.0,WT,M,CCI,Vehicle,35d,PAN
Villapol_35d_264,3402.0,0.0,0.0,20.0,41.0,60.0,0.0,12.0,0.0,49.0,122.0,1.0,245.0,1068.0,204.0,109.0,1670.0,13.0,79.0,7292.0,70.0,9.0,1103.0,1435.0,926.0,0.0,75.0,15.0,0.0,305.0,0.0,0.0,21.0,244.0,0.0,1.0,0.0,0.0,18.0,684.0,33.0,35.0,23.0,158.0,668.0,0.0,1.0,0.0,443.0,0.0,0.0,255.0,0.0,0.0,17.0,179.0,8.0,0.0,24.0,0.0,0.0,247.0,0.0,0.0,5.0,26.0,109.0,0.0,0.0,6.0,0.0,4.0,0.0,77.0,17.0,0.0,0.0,0.0,0.0,6.0,0.0,0.0,0.0,0.0,0.0,0.0,0.0,73.0,0.0,2291.0,73.0,0.0,0.0,0.0,0.0,0.0,12.0,0.0,0.0,0.0,0.0,0.0,3.0,0.0,0.0,0.0,32.0,0.0,0.0,0.0,0.0,0.0,0.0,0.0,0.0,0.0,0.0,0.0,0.0,0.0,0.0,0.0,0.0,0.0,0.0,0.0,0.0,0.0,0.0,0.0,264.0,WT,F,CCI,Vehicle,35d,PAN
Villapol_35d_265,2747.0,16.0,0.0,0.0,132.0,50.0,11.0,3.0,0.0,146.0,48.0,0.0,224.0,729.0,107.0,58.0,1267.0,14.0,55.0,7385.0,81.0,0.0,41.0,1521.0,853.0,17.0,0.0,18.0,0.0,148.0,33.0,0.0,31.0,149.0,0.0,0.0,0.0,201.0,6.0,220.0,0.0,168.0,10.0,115.0,298.0,0.0,0.0,0.0,381.0,0.0,0.0,228.0,0.0,28.0,7.0,125.0,8.0,0.0,5.0,0.0,0.0,174.0,0.0,0.0,13.0,7.0,212.0,29.0,0.0,11.0,0.0,7.0,0.0,56.0,25.0,0.0,0.0,0.0,0.0,5.0,0.0,0.0,0.0,0.0,18.0,0.0,0.0,89.0,0.0,1162.0,46.0,0.0,0.0,0.0,0.0,0.0,7.0,0.0,0.0,0.0,0.0,0.0,2.0,0.0,0.0,0.0,27.0,0.0,0.0,0.0,0.0,0.0,0.0,17.0,0.0,0.0,0.0,0.0,0.0,0.0,0.0,0.0,0.0,0.0,0.0,0.0,0.0,0.0,0.0,0.0,265.0,WT,F,CCI,Vehicle,35d,PAN
Villapol_35d_266,2145.0,34.0,0.0,12.0,228.0,109.0,0.0,3.0,0.0,80.0,130.0,2.0,262.0,790.0,219.0,74.0,783.0,5.0,55.0,9275.0,12.0,3.0,987.0,425.0,505.0,104.0,40.0,3.0,0.0,114.0,0.0,0.0,18.0,71.0,0.0,0.0,0.0,11.0,5.0,324.0,3.0,20.0,28.0,164.0,456.0,0.0,0.0,0.0,136.0,0.0,0.0,67.0,0.0,204.0,11.0,176.0,2.0,0.0,1.0,0.0,28.0,84.0,0.0,0.0,3.0,19.0,292.0,0.0,0.0,8.0,0.0,5.0,0.0,68.0,9.0,0.0,0.0,0.0,0.0,0.0,0.0,0.0,5.0,0.0,22.0,2.0,0.0,13.0,0.0,4072.0,55.0,0.0,0.0,0.0,0.0,0.0,18.0,0.0,0.0,0.0,0.0,0.0,3.0,0.0,0.0,0.0,30.0,0.0,0.0,0.0,0.0,0.0,8.0,16.0,0.0,0.0,0.0,0.0,0.0,0.0,0.0,0.0,0.0,0.0,0.0,0.0,0.0,0.0,0.0,0.0,266.0,WT,F,CCI,Vehicle,35d,PAN
Villapol_35d_267,3080.0,0.0,0.0,10.0,4.0,61.0,55.0,2.0,0.0,78.0,46.0,76.0,208.0,503.0,64.0,46.0,1145.0,12.0,31.0,2928.0,54.0,6.0,0.0,2447.0,1042.0,0.0,68.0,8.0,0.0,122.0,72.0,0.0,14.0,232.0,0.0,0.0,0.0,664.0,67.0,71.0,0.0,3.0,48.0,28.0,248.0,0.0,0.0,0.0,1152.0,0.0,0.0,684.0,0.0,0.0,13.0,126.0,12.0,0.0,2.0,0.0,0.0,295.0,0.0,0.0,9.0,3.0,88.0,0.0,0.0,8.0,0.0,0.0,0.0,24.0,8.0,0.0,0.0,0.0,0.0,0.0,0.0,0.0,36.0,0.0,0.0,0.0,0.0,0.0,0.0,9445.0,43.0,0.0,0.0,2.0,0.0,0.0,11.0,0.0,0.0,0.0,0.0,0.0,0.0,0.0,0.0,0.0,12.0,0.0,0.0,0.0,0.0,0.0,0.0,0.0,2.0,0.0,0.0,0.0,0.0,0.0,0.0,0.0,0.0,0.0,0.0,0.0,0.0,0.0,0.0,0.0,267.0,WT,F,CCI,Vehicle,35d,PAN
Villapol_35d_268,1037.0,0.0,0.0,11.0,79.0,22.0,61.0,3.0,0.0,58.0,16.0,29.0,67.0,153.0,39.0,20.0,552.0,0.0,10.0,3092.0,16.0,0.0,198.0,884.0,354.0,11.0,30.0,5.0,0.0,10.0,36.0,0.0,6.0,58.0,0.0,0.0,0.0,73.0,11.0,80.0,0.0,8.0,29.0,0.0,105.0,0.0,0.0,0.0,184.0,0.0,0.0,44.0,0.0,86.0,0.0,55.0,0.0,0.0,0.0,0.0,0.0,165.0,0.0,0.0,0.0,0.0,76.0,0.0,0.0,4.0,11.0,0.0,0.0,0.0,0.0,0.0,0.0,0.0,0.0,3.0,0.0,0.0,11.0,0.0,0.0,0.0,0.0,4.0,0.0,1449.0,50.0,0.0,0.0,0.0,0.0,0.0,2.0,0.0,0.0,0.0,0.0,0.0,0.0,0.0,0.0,0.0,4.0,0.0,0.0,0.0,0.0,0.0,0.0,8.0,0.0,0.0,0.0,0.0,0.0,0.0,0.0,0.0,0.0,0.0,0.0,0.0,0.0,0.0,0.0,0.0,268.0,WT,F,CCI,Vehicle,35d,PAN
Villapol_35d_269,2221.0,0.0,0.0,0.0,904.0,29.0,0.0,3.0,0.0,99.0,9.0,17.0,61.0,132.0,25.0,22.0,316.0,11.0,23.0,8324.0,26.0,0.0,18.0,896.0,305.0,459.0,34.0,0.0,0.0,18.0,24.0,3.0,0.0,71.0,0.0,0.0,0.0,97.0,7.0,70.0,0.0,65.0,10.0,0.0,55.0,0.0,0.0,0.0,192.0,7.0,0.0,196.0,0.0,598.0,0.0,17.0,14.0,0.0,6.0,0.0,0.0,34.0,36.0,0.0,5.0,7.0,145.0,0.0,0.0,2.0,3.0,0.0,0.0,0.0,7.0,0.0,0.0,0.0,0.0,0.0,0.0,0.0,90.0,0.0,0.0,0.0,0.0,0.0,0.0,3479.0,21.0,0.0,0.0,0.0,0.0,0.0,6.0,0.0,0.0,0.0,0.0,0.0,2.0,0.0,0.0,0.0,9.0,0.0,0.0,0.0,0.0,0.0,0.0,6.0,0.0,0.0,15.0,0.0,0.0,0.0,0.0,0.0,0.0,0.0,0.0,0.0,0.0,0.0,0.0,0.0,269.0,WT,F,CCI,Vehicle,35d,PAN
Villapol_35d_270,2920.0,8.0,0.0,0.0,801.0,89.0,0.0,2.0,0.0,114.0,63.0,38.0,142.0,604.0,101.0,59.0,767.0,10.0,33.0,8824.0,60.0,0.0,40.0,667.0,661.0,377.0,88.0,28.0,0.0,43.0,17.0,0.0,4.0,140.0,0.0,0.0,0.0,197.0,35.0,406.0,1.0,0.0,26.0,111.0,356.0,0.0,0.0,0.0,364.0,10.0,0.0,126.0,0.0,408.0,13.0,125.0,9.0,0.0,8.0,0.0,14.0,701.0,31.0,1.0,0.0,5.0,64.0,0.0,0.0,4.0,14.0,9.0,0.0,35.0,19.0,0.0,0.0,0.0,0.0,0.0,0.0,0.0,0.0,0.0,26.0,0.0,0.0,0.0,0.0,2452.0,61.0,0.0,2.0,5.0,0.0,0.0,17.0,0.0,0.0,0.0,0.0,0.0,0.0,0.0,0.0,0.0,15.0,2.0,0.0,0.0,0.0,0.0,0.0,23.0,0.0,0.0,18.0,0.0,0.0,0.0,0.0,0.0,0.0,0.0,0.0,0.0,0.0,0.0,0.0,0.0,270.0,WT,F,CCI,Vehicle,35d,PAN
Villapol_35d_271,2444.0,34.0,0.0,0.0,722.0,49.0,0.0,4.0,2.0,63.0,0.0,5.0,89.0,199.0,7.0,44.0,578.0,10.0,29.0,8157.0,323.0,3.0,29.0,1069.0,442.0,497.0,60.0,0.0,0.0,19.0,16.0,0.0,2.0,92.0,0.0,0.0,0.0,108.0,16.0,80.0,0.0,101.0,15.0,74.0,140.0,0.0,0.0,0.0,339.0,9.0,0.0,81.0,0.0,631.0,0.0,31.0,4.0,0.0,0.0,0.0,6.0,0.0,32.0,0.0,0.0,8.0,93.0,11.0,0.0,9.0,8.0,3.0,0.0,5.0,11.0,0.0,0.0,0.0,0.0,0.0,0.0,0.0,51.0,0.0,6.0,4.0,0.0,0.0,0.0,4615.0,26.0,0.0,1.0,0.0,0.0,0.0,8.0,0.0,0.0,0.0,0.0,4.0,0.0,0.0,0.0,0.0,23.0,0.0,0.0,0.0,0.0,0.0,0.0,0.0,0.0,0.0,16.0,0.0,0.0,0.0,0.0,0.0,0.0,0.0,0.0,0.0,0.0,0.0,0.0,0.0,271.0,WT,F,CCI,Vehicle,35d,PAN
Villapol_35d_272,1682.0,11.0,0.0,9.0,602.0,62.0,39.0,3.0,0.0,84.0,29.0,30.0,68.0,428.0,66.0,42.0,514.0,0.0,20.0,7580.0,9.0,0.0,24.0,761.0,384.0,311.0,63.0,4.0,0.0,27.0,37.0,0.0,9.0,39.0,0.0,0.0,0.0,103.0,13.0,86.0,0.0,89.0,20.0,189.0,248.0,0.0,0.0,0.0,146.0,7.0,0.0,106.0,2.0,331.0,5.0,44.0,10.0,0.0,22.0,0.0,0.0,145.0,22.0,2.0,0.0,10.0,80.0,0.0,0.0,4.0,0.0,3.0,0.0,34.0,21.0,0.0,0.0,0.0,0.0,0.0,0.0,0.0,20.0,0.0,6.0,2.0,0.0,0.0,0.0,1649.0,72.0,0.0,0.0,3.0,0.0,0.0,0.0,0.0,0.0,0.0,0.0,0.0,0.0,0.0,0.0,0.0,14.0,0.0,0.0,0.0,0.0,0.0,0.0,43.0,0.0,0.0,21.0,0.0,0.0,0.0,0.0,0.0,0.0,0.0,0.0,0.0,0.0,0.0,0.0,0.0,272.0,WT,F,CCI,Vehicle,35d,PAN
Villapol_35d_273,1977.0,15.0,0.0,0.0,530.0,54.0,1.0,2.0,0.0,88.0,13.0,27.0,91.0,218.0,24.0,58.0,379.0,0.0,22.0,6890.0,47.0,3.0,240.0,1139.0,614.0,396.0,36.0,0.0,0.0,17.0,2.0,0.0,2.0,81.0,0.0,0.0,0.0,38.0,8.0,89.0,0.0,151.0,0.0,134.0,173.0,0.0,0.0,0.0,234.0,0.0,0.0,220.0,0.0,436.0,3.0,17.0,5.0,0.0,0.0,0.0,5.0,91.0,0.0,0.0,0.0,0.0,101.0,13.0,0.0,4.0,0.0,0.0,0.0,9.0,8.0,0.0,0.0,0.0,0.0,4.0,0.0,0.0,18.0,0.0,0.0,0.0,0.0,0.0,0.0,1017.0,48.0,0.0,0.0,0.0,0.0,0.0,6.0,0.0,0.0,0.0,0.0,0.0,0.0,0.0,0.0,0.0,8.0,0.0,0.0,0.0,0.0,0.0,0.0,16.0,0.0,0.0,17.0,0.0,0.0,0.0,0.0,0.0,0.0,0.0,0.0,0.0,0.0,0.0,0.0,0.0,273.0,WT,F,CCI,Vehicle,35d,PAN
Villapol_35d_274,3734.0,10.0,3.0,0.0,143.0,142.0,24.0,16.0,0.0,98.0,68.0,1.0,373.0,866.0,165.0,24.0,2436.0,0.0,130.0,3382.0,59.0,18.0,381.0,604.0,1345.0,15.0,96.0,9.0,0.0,159.0,11.0,0.0,53.0,233.0,7.0,0.0,0.0,158.0,13.0,108.0,3.0,56.0,18.0,254.0,309.0,1.0,0.0,0.0,426.0,70.0,4005.0,138.0,1.0,12.0,14.0,273.0,14.0,5.0,0.0,0.0,20.0,0.0,0.0,0.0,2.0,0.0,9.0,0.0,0.0,3.0,0.0,6.0,0.0,174.0,0.0,0.0,0.0,0.0,0.0,0.0,0.0,82.0,109.0,0.0,117.0,0.0,0.0,0.0,4.0,3634.0,72.0,0.0,0.0,5.0,0.0,0.0,31.0,0.0,0.0,0.0,0.0,0.0,3.0,0.0,0.0,0.0,26.0,0.0,20.0,0.0,0.0,0.0,0.0,33.0,0.0,0.0,0.0,0.0,0.0,0.0,0.0,0.0,0.0,0.0,0.0,4.0,0.0,0.0,0.0,0.0,274.0,WT,M,Sham,PAN,35d,PAN
Villapol_35d_275,1584.0,10.0,11.0,0.0,129.0,93.0,75.0,1.0,0.0,65.0,55.0,0.0,333.0,909.0,149.0,46.0,1059.0,9.0,36.0,2893.0,118.0,8.0,1270.0,1035.0,1411.0,10.0,0.0,18.0,0.0,170.0,1.0,0.0,19.0,148.0,0.0,0.0,0.0,0.0,5.0,27.0,0.0,80.0,40.0,377.0,210.0,0.0,0.0,0.0,395.0,104.0,5784.0,168.0,1.0,37.0,7.0,194.0,12.0,15.0,0.0,0.0,18.0,0.0,0.0,0.0,0.0,0.0,8.0,0.0,0.0,4.0,0.0,3.0,0.0,66.0,6.0,0.0,0.0,0.0,0.0,0.0,0.0,195.0,7.0,0.0,29.0,0.0,0.0,0.0,4.0,625.0,107.0,4.0,0.0,0.0,0.0,0.0,3.0,0.0,0.0,0.0,0.0,0.0,0.0,0.0,0.0,0.0,22.0,0.0,11.0,0.0,0.0,0.0,0.0,27.0,1.0,0.0,0.0,0.0,0.0,0.0,0.0,0.0,0.0,0.0,0.0,0.0,0.0,0.0,0.0,0.0,275.0,WT,M,Sham,PAN,35d,PAN
Villapol_35d_276,1821.0,33.0,0.0,0.0,76.0,141.0,96.0,0.0,0.0,104.0,77.0,0.0,445.0,924.0,109.0,56.0,2105.0,9.0,87.0,3285.0,187.0,8.0,68.0,929.0,1466.0,27.0,0.0,7.0,0.0,123.0,66.0,0.0,13.0,250.0,0.0,0.0,0.0,77.0,24.0,57.0,0.0,86.0,198.0,388.0,334.0,0.0,1.0,0.0,689.0,6.0,2229.0,306.0,0.0,0.0,22.0,230.0,17.0,25.0,10.0,0.0,24.0,374.0,0.0,0.0,8.0,2.0,10.0,0.0,2.0,7.0,17.0,11.0,2.0,59.0,13.0,0.0,0.0,0.0,0.0,6.0,0.0,292.0,277.0,0.0,78.0,0.0,1.0,0.0,18.0,39.0,49.0,0.0,0.0,0.0,0.0,0.0,18.0,0.0,0.0,0.0,0.0,0.0,0.0,0.0,0.0,0.0,37.0,0.0,11.0,0.0,0.0,0.0,0.0,4.0,0.0,0.0,0.0,0.0,0.0,0.0,0.0,0.0,0.0,0.0,0.0,0.0,0.0,0.0,0.0,0.0,276.0,WT,M,Sham,PAN,35d,PAN
Villapol_35d_277,2041.0,54.0,8.0,0.0,113.0,89.0,115.0,0.0,0.0,99.0,75.0,3.0,342.0,833.0,94.0,51.0,2043.0,15.0,93.0,4069.0,285.0,12.0,98.0,1124.0,1328.0,51.0,0.0,0.0,0.0,239.0,57.0,0.0,19.0,185.0,5.0,1.0,0.0,57.0,21.0,70.0,0.0,57.0,120.0,552.0,350.0,0.0,1.0,0.0,630.0,24.0,3249.0,225.0,0.0,8.0,20.0,225.0,13.0,19.0,11.0,0.0,18.0,553.0,0.0,0.0,0.0,6.0,11.0,0.0,0.0,11.0,20.0,6.0,0.0,54.0,16.0,0.0,0.0,0.0,0.0,0.0,10.0,251.0,242.0,0.0,51.0,10.0,1.0,0.0,19.0,24.0,51.0,0.0,0.0,0.0,0.0,0.0,27.0,0.0,0.0,0.0,0.0,0.0,4.0,0.0,0.0,0.0,37.0,0.0,15.0,0.0,3.0,0.0,0.0,2.0,0.0,0.0,0.0,0.0,6.0,0.0,0.0,0.0,0.0,0.0,0.0,0.0,0.0,0.0,0.0,0.0,277.0,WT,M,Sham,PAN,35d,PAN
Villapol_35d_278,5286.0,17.0,10.0,0.0,3.0,321.0,0.0,0.0,0.0,37.0,108.0,1.0,593.0,2329.0,144.0,97.0,1457.0,0.0,61.0,2149.0,157.0,18.0,3085.0,635.0,765.0,0.0,0.0,21.0,0.0,90.0,91.0,0.0,7.0,80.0,0.0,0.0,0.0,33.0,0.0,320.0,0.0,91.0,7.0,182.0,511.0,0.0,0.0,1.0,308.0,10.0,0.0,127.0,0.0,0.0,27.0,434.0,6.0,12.0,12.0,0.0,28.0,0.0,0.0,0.0,3.0,3.0,0.0,0.0,3.0,8.0,2.0,11.0,0.0,88.0,9.0,0.0,0.0,0.0,0.0,5.0,0.0,145.0,25.0,0.0,0.0,0.0,1.0,8.0,7.0,0.0,41.0,0.0,0.0,6.0,0.0,0.0,10.0,0.0,0.0,0.0,0.0,0.0,3.0,0.0,0.0,0.0,15.0,0.0,11.0,0.0,0.0,0.0,0.0,48.0,0.0,0.0,0.0,0.0,0.0,0.0,0.0,0.0,0.0,0.0,0.0,0.0,0.0,0.0,0.0,0.0,278.0,WT,M,Sham,PAN,35d,PAN
Villapol_35d_279,2535.0,9.0,3.0,0.0,814.0,45.0,0.0,6.0,0.0,69.0,37.0,26.0,145.0,188.0,26.0,42.0,999.0,4.0,20.0,5687.0,317.0,0.0,23.0,2045.0,936.0,707.0,44.0,0.0,0.0,183.0,5.0,0.0,0.0,216.0,12.0,0.0,0.0,9.0,22.0,89.0,1.0,37.0,19.0,2.0,71.0,0.0,0.0,0.0,222.0,38.0,73.0,182.0,0.0,879.0,0.0,37.0,10.0,11.0,3.0,0.0,0.0,0.0,41.0,0.0,0.0,0.0,103.0,0.0,0.0,7.0,5.0,0.0,0.0,16.0,6.0,0.0,0.0,0.0,0.0,0.0,0.0,300.0,2.0,0.0,13.0,5.0,0.0,55.0,16.0,3866.0,27.0,0.0,0.0,0.0,0.0,0.0,4.0,0.0,0.0,0.0,0.0,0.0,2.0,0.0,0.0,0.0,17.0,0.0,43.0,0.0,0.0,0.0,55.0,46.0,0.0,0.0,0.0,0.0,0.0,0.0,0.0,0.0,0.0,0.0,0.0,0.0,0.0,0.0,0.0,0.0,279.0,WT,F,Sham,PAN,35d,PAN
Villapol_35d_280,5549.0,40.0,17.0,6.0,780.0,178.0,15.0,5.0,0.0,80.0,115.0,5.0,543.0,1074.0,171.0,62.0,647.0,10.0,106.0,6242.0,347.0,16.0,460.0,1330.0,469.0,707.0,1.0,16.0,0.0,77.0,0.0,0.0,5.0,58.0,0.0,0.0,0.0,6.0,44.0,363.0,1.0,69.0,22.0,151.0,111.0,1.0,0.0,0.0,389.0,51.0,94.0,253.0,0.0,546.0,12.0,192.0,7.0,17.0,4.0,0.0,24.0,0.0,23.0,0.0,5.0,0.0,173.0,0.0,0.0,8.0,18.0,4.0,0.0,252.0,8.0,0.0,0.0,0.0,2.0,0.0,0.0,393.0,0.0,0.0,28.0,5.0,0.0,0.0,18.0,1877.0,45.0,0.0,8.0,0.0,4.0,0.0,3.0,0.0,0.0,0.0,0.0,0.0,2.0,0.0,0.0,0.0,22.0,0.0,20.0,0.0,0.0,0.0,98.0,119.0,0.0,0.0,0.0,0.0,0.0,0.0,6.0,0.0,0.0,0.0,0.0,0.0,0.0,0.0,0.0,0.0,280.0,WT,F,Sham,PAN,35d,PAN
Villapol_35d_281,3394.0,211.0,3.0,0.0,507.0,209.0,15.0,2.0,0.0,56.0,125.0,2.0,524.0,1062.0,184.0,86.0,1916.0,8.0,86.0,5375.0,350.0,7.0,4.0,1139.0,1099.0,607.0,2.0,0.0,0.0,847.0,3.0,0.0,9.0,96.0,0.0,3.0,0.0,24.0,39.0,244.0,0.0,220.0,10.0,0.0,363.0,0.0,1.0,0.0,618.0,26.0,49.0,158.0,0.0,596.0,16.0,344.0,5.0,13.0,43.0,0.0,12.0,468.0,31.0,0.0,0.0,0.0,96.0,0.0,0.0,4.0,0.0,3.0,0.0,113.0,10.0,0.0,0.0,0.0,0.0,0.0,0.0,169.0,5.0,0.0,22.0,3.0,0.0,41.0,6.0,1333.0,91.0,0.0,0.0,0.0,0.0,0.0,22.0,0.0,0.0,0.0,2.0,0.0,0.0,0.0,0.0,0.0,27.0,0.0,8.0,0.0,45.0,0.0,37.0,82.0,0.0,0.0,0.0,0.0,0.0,0.0,0.0,0.0,0.0,0.0,0.0,0.0,0.0,0.0,0.0,0.0,281.0,WT,F,Sham,PAN,35d,PAN
Villapol_35d_282,2144.0,10.0,8.0,0.0,802.0,95.0,0.0,2.0,0.0,114.0,41.0,44.0,192.0,512.0,44.0,22.0,987.0,6.0,45.0,4176.0,39.0,0.0,367.0,1538.0,785.0,293.0,34.0,4.0,0.0,159.0,23.0,0.0,20.0,94.0,9.0,0.0,0.0,275.0,31.0,182.0,0.0,102.0,12.0,104.0,175.0,0.0,0.0,0.0,402.0,35.0,119.0,238.0,0.0,433.0,11.0,132.0,11.0,8.0,5.0,0.0,0.0,587.0,19.0,0.0,0.0,6.0,118.0,0.0,0.0,5.0,27.0,0.0,0.0,50.0,15.0,0.0,0.0,0.0,0.0,0.0,0.0,133.0,0.0,0.0,7.0,0.0,0.0,58.0,2.0,1553.0,51.0,0.0,0.0,4.0,0.0,0.0,10.0,0.0,0.0,0.0,0.0,0.0,0.0,0.0,0.0,0.0,12.0,0.0,24.0,0.0,0.0,0.0,87.0,73.0,0.0,0.0,4.0,0.0,0.0,0.0,0.0,0.0,0.0,0.0,0.0,0.0,0.0,0.0,0.0,0.0,282.0,WT,F,Sham,PAN,35d,PAN
Villapol_35d_283,1955.0,27.0,0.0,0.0,513.0,70.0,0.0,0.0,0.0,26.0,18.0,0.0,122.0,215.0,39.0,24.0,570.0,0.0,22.0,3692.0,149.0,4.0,7.0,715.0,291.0,355.0,0.0,0.0,0.0,66.0,4.0,0.0,7.0,51.0,0.0,0.0,0.0,29.0,8.0,119.0,0.0,49.0,0.0,95.0,54.0,0.0,0.0,0.0,128.0,24.0,57.0,71.0,11.0,339.0,0.0,65.0,4.0,5.0,5.0,0.0,10.0,81.0,14.0,0.0,0.0,0.0,30.0,0.0,0.0,0.0,11.0,0.0,0.0,21.0,0.0,0.0,0.0,0.0,0.0,0.0,0.0,84.0,3.0,0.0,11.0,0.0,0.0,20.0,6.0,791.0,10.0,0.0,0.0,0.0,0.0,0.0,9.0,0.0,0.0,0.0,0.0,0.0,0.0,0.0,0.0,0.0,0.0,0.0,21.0,0.0,0.0,0.0,45.0,49.0,0.0,0.0,0.0,0.0,0.0,0.0,0.0,0.0,0.0,0.0,0.0,0.0,0.0,0.0,0.0,0.0,283.0,WT,F,Sham,PAN,35d,PAN
Villapol_35d_284,5771.0,34.0,0.0,0.0,47.0,44.0,0.0,2.0,0.0,28.0,19.0,0.0,167.0,220.0,120.0,18.0,593.0,0.0,70.0,9299.0,208.0,0.0,45.0,414.0,461.0,135.0,35.0,4.0,0.0,223.0,0.0,0.0,3.0,185.0,0.0,0.0,0.0,216.0,8.0,73.0,1.0,15.0,7.0,615.0,115.0,0.0,0.0,0.0,762.0,144.0,97.0,173.0,6.0,31.0,5.0,55.0,0.0,0.0,4.0,0.0,4.0,0.0,0.0,0.0,4.0,0.0,178.0,0.0,0.0,0.0,0.0,3.0,0.0,35.0,0.0,0.0,0.0,0.0,0.0,0.0,0.0,0.0,32.0,0.0,4.0,0.0,0.0,6.0,0.0,1017.0,41.0,10.0,0.0,6.0,0.0,0.0,0.0,0.0,0.0,0.0,0.0,0.0,0.0,0.0,0.0,0.0,27.0,0.0,0.0,0.0,4.0,0.0,60.0,32.0,0.0,0.0,0.0,0.0,0.0,0.0,0.0,0.0,0.0,0.0,0.0,3.0,0.0,2.0,0.0,0.0,284.0,WT,M,Sham,Vehicle,35d,PAN
Villapol_35d_285,3374.0,11.0,0.0,0.0,31.0,30.0,0.0,0.0,0.0,39.0,6.0,1.0,119.0,268.0,42.0,19.0,726.0,0.0,33.0,5672.0,66.0,2.0,74.0,474.0,715.0,12.0,80.0,0.0,0.0,114.0,0.0,0.0,6.0,260.0,0.0,0.0,0.0,53.0,2.0,49.0,1.0,14.0,11.0,460.0,66.0,0.0,0.0,0.0,276.0,31.0,209.0,179.0,0.0,20.0,3.0,10.0,2.0,0.0,0.0,0.0,0.0,0.0,0.0,0.0,4.0,6.0,143.0,0.0,5.0,0.0,0.0,0.0,0.0,24.0,0.0,0.0,0.0,0.0,0.0,0.0,0.0,0.0,77.0,0.0,0.0,0.0,0.0,14.0,0.0,2560.0,0.0,0.0,0.0,0.0,0.0,0.0,0.0,0.0,0.0,0.0,0.0,0.0,0.0,0.0,0.0,0.0,12.0,0.0,0.0,0.0,0.0,0.0,21.0,8.0,0.0,0.0,0.0,0.0,0.0,0.0,0.0,0.0,0.0,0.0,0.0,0.0,0.0,0.0,0.0,0.0,285.0,WT,M,Sham,Vehicle,35d,PAN
Villapol_35d_286,7785.0,54.0,0.0,0.0,73.0,53.0,0.0,0.0,0.0,103.0,15.0,0.0,138.0,302.0,86.0,23.0,483.0,12.0,53.0,10880.0,331.0,4.0,256.0,687.0,518.0,118.0,0.0,3.0,0.0,105.0,0.0,0.0,9.0,72.0,0.0,0.0,1.0,529.0,35.0,76.0,0.0,56.0,34.0,848.0,70.0,0.0,1.0,0.0,684.0,91.0,152.0,559.0,22.0,70.0,4.0,24.0,7.0,0.0,7.0,0.0,4.0,27.0,0.0,0.0,5.0,9.0,224.0,0.0,0.0,6.0,8.0,0.0,0.0,27.0,0.0,0.0,0.0,0.0,0.0,3.0,0.0,0.0,33.0,0.0,10.0,4.0,0.0,31.0,0.0,1585.0,20.0,22.0,0.0,10.0,0.0,0.0,0.0,0.0,0.0,0.0,0.0,0.0,0.0,0.0,0.0,0.0,9.0,0.0,0.0,0.0,26.0,0.0,64.0,26.0,0.0,0.0,0.0,0.0,0.0,0.0,0.0,0.0,0.0,0.0,0.0,0.0,0.0,0.0,0.0,0.0,286.0,WT,M,Sham,Vehicle,35d,PAN
Villapol_35d_287,6424.0,35.0,0.0,0.0,188.0,70.0,0.0,0.0,0.0,121.0,18.0,0.0,266.0,518.0,117.0,40.0,1018.0,8.0,82.0,7980.0,325.0,15.0,39.0,966.0,826.0,390.0,5.0,0.0,0.0,163.0,6.0,0.0,5.0,284.0,0.0,0.0,0.0,561.0,16.0,247.0,0.0,84.0,35.0,562.0,151.0,0.0,1.0,0.0,530.0,112.0,523.0,420.0,6.0,146.0,6.0,19.0,13.0,0.0,3.0,0.0,6.0,173.0,0.0,0.0,8.0,15.0,377.0,0.0,0.0,7.0,0.0,0.0,0.0,21.0,0.0,0.0,0.0,0.0,0.0,6.0,11.0,0.0,91.0,0.0,9.0,2.0,0.0,23.0,0.0,3785.0,22.0,21.0,0.0,2.0,0.0,0.0,19.0,0.0,0.0,0.0,0.0,0.0,2.0,0.0,15.0,0.0,29.0,0.0,0.0,0.0,0.0,0.0,119.0,123.0,0.0,0.0,0.0,0.0,0.0,0.0,0.0,0.0,0.0,4.0,0.0,3.0,0.0,0.0,0.0,0.0,287.0,WT,M,Sham,Vehicle,35d,PAN
Villapol_35d_288,5257.0,53.0,0.0,0.0,38.0,210.0,0.0,6.0,0.0,82.0,86.0,0.0,442.0,1513.0,191.0,45.0,1424.0,3.0,67.0,5382.0,168.0,2.0,884.0,519.0,948.0,290.0,0.0,15.0,0.0,132.0,56.0,0.0,5.0,174.0,0.0,0.0,0.0,93.0,0.0,137.0,52.0,39.0,15.0,493.0,138.0,0.0,0.0,0.0,301.0,20.0,131.0,265.0,0.0,59.0,31.0,324.0,9.0,0.0,8.0,0.0,31.0,39.0,0.0,0.0,5.0,19.0,122.0,0.0,8.0,8.0,10.0,6.0,0.0,61.0,0.0,0.0,0.0,0.0,0.0,0.0,0.0,0.0,19.0,0.0,11.0,0.0,0.0,0.0,0.0,816.0,38.0,8.0,0.0,4.0,0.0,0.0,14.0,0.0,0.0,0.0,0.0,0.0,0.0,0.0,0.0,0.0,39.0,0.0,0.0,0.0,0.0,0.0,21.0,79.0,0.0,0.0,0.0,0.0,0.0,0.0,0.0,0.0,0.0,0.0,0.0,9.0,0.0,0.0,0.0,0.0,288.0,WT,M,Sham,Vehicle,35d,PAN
Villapol_35d_289,5199.0,34.0,0.0,0.0,1094.0,133.0,0.0,0.0,3.0,57.0,36.0,6.0,409.0,724.0,162.0,72.0,2375.0,9.0,109.0,4911.0,239.0,14.0,25.0,317.0,955.0,388.0,0.0,12.0,0.0,89.0,81.0,0.0,31.0,129.0,0.0,0.0,1.0,361.0,19.0,809.0,0.0,113.0,24.0,0.0,179.0,0.0,0.0,0.0,698.0,90.0,0.0,290.0,0.0,580.0,15.0,47.0,3.0,0.0,0.0,0.0,13.0,0.0,33.0,0.0,0.0,3.0,20.0,0.0,0.0,3.0,11.0,5.0,0.0,42.0,11.0,0.0,0.0,1.0,0.0,0.0,43.0,0.0,249.0,0.0,29.0,0.0,0.0,32.0,0.0,5269.0,87.0,0.0,0.0,0.0,0.0,0.0,41.0,0.0,0.0,0.0,0.0,0.0,0.0,0.0,0.0,0.0,50.0,0.0,0.0,0.0,0.0,0.0,164.0,234.0,0.0,0.0,0.0,0.0,0.0,0.0,0.0,0.0,0.0,0.0,0.0,0.0,0.0,0.0,0.0,0.0,289.0,WT,F,Sham,Vehicle,35d,PAN
Villapol_35d_290,2575.0,68.0,0.0,0.0,543.0,55.0,0.0,3.0,0.0,35.0,7.0,0.0,127.0,273.0,11.0,42.0,571.0,4.0,10.0,3440.0,382.0,6.0,0.0,103.0,530.0,206.0,0.0,6.0,0.0,127.0,30.0,0.0,0.0,59.0,0.0,0.0,0.0,395.0,0.0,31.0,0.0,15.0,0.0,8.0,24.0,0.0,1.0,0.0,284.0,12.0,0.0,99.0,0.0,330.0,0.0,48.0,3.0,0.0,0.0,0.0,0.0,0.0,0.0,0.0,0.0,0.0,33.0,0.0,0.0,0.0,19.0,0.0,0.0,38.0,0.0,0.0,0.0,0.0,0.0,0.0,10.0,0.0,119.0,0.0,0.0,3.0,0.0,0.0,0.0,1250.0,11.0,0.0,0.0,3.0,0.0,0.0,0.0,0.0,0.0,0.0,0.0,0.0,0.0,0.0,0.0,0.0,19.0,0.0,0.0,0.0,8.0,0.0,156.0,67.0,0.0,0.0,0.0,0.0,0.0,0.0,0.0,0.0,0.0,0.0,0.0,0.0,0.0,0.0,0.0,0.0,290.0,WT,F,Sham,Vehicle,35d,PAN
Villapol_35d_291,5937.0,102.0,0.0,0.0,636.0,66.0,0.0,0.0,0.0,105.0,23.0,0.0,116.0,223.0,20.0,53.0,776.0,0.0,30.0,6865.0,264.0,7.0,0.0,310.0,886.0,1116.0,0.0,0.0,0.0,57.0,0.0,0.0,9.0,97.0,0.0,0.0,0.0,519.0,10.0,99.0,0.0,88.0,21.0,0.0,147.0,0.0,0.0,0.0,497.0,7.0,0.0,357.0,1.0,797.0,0.0,132.0,7.0,0.0,9.0,0.0,0.0,0.0,54.0,3.0,0.0,7.0,35.0,0.0,0.0,9.0,14.0,4.0,0.0,0.0,5.0,0.0,0.0,0.0,0.0,0.0,9.0,0.0,334.0,0.0,0.0,7.0,0.0,0.0,0.0,331.0,17.0,0.0,0.0,6.0,0.0,0.0,5.0,0.0,0.0,0.0,0.0,0.0,0.0,0.0,0.0,0.0,9.0,0.0,0.0,0.0,26.0,0.0,224.0,192.0,0.0,0.0,0.0,0.0,0.0,0.0,0.0,0.0,0.0,0.0,0.0,0.0,0.0,0.0,0.0,0.0,291.0,WT,F,Sham,Vehicle,35d,PAN
Villapol_35d_292,2902.0,81.0,0.0,0.0,257.0,169.0,0.0,1.0,0.0,147.0,58.0,18.0,387.0,836.0,63.0,116.0,1495.0,9.0,55.0,4833.0,924.0,10.0,180.0,588.0,1123.0,103.0,80.0,3.0,1.0,102.0,78.0,0.0,29.0,124.0,0.0,0.0,0.0,995.0,33.0,404.0,0.0,144.0,31.0,167.0,198.0,0.0,2.0,0.0,558.0,11.0,0.0,496.0,0.0,277.0,6.0,167.0,6.0,0.0,82.0,0.0,16.0,341.0,19.0,0.0,4.0,0.0,44.0,0.0,9.0,14.0,32.0,8.0,0.0,54.0,9.0,0.0,0.0,3.0,0.0,8.0,0.0,0.0,171.0,0.0,20.0,4.0,0.0,132.0,0.0,1561.0,32.0,0.0,0.0,0.0,20.0,0.0,4.0,0.0,0.0,0.0,0.0,0.0,4.0,0.0,0.0,0.0,25.0,0.0,0.0,0.0,0.0,0.0,109.0,255.0,3.0,0.0,0.0,0.0,0.0,1.0,0.0,0.0,0.0,0.0,0.0,0.0,0.0,0.0,0.0,0.0,292.0,WT,F,Sham,Vehicle,35d,PAN
Villapol_35d_293,4834.0,20.0,0.0,0.0,2045.0,73.0,0.0,3.0,1.0,125.0,35.0,0.0,136.0,238.0,84.0,31.0,641.0,0.0,32.0,10023.0,42.0,7.0,83.0,204.0,678.0,440.0,0.0,7.0,0.0,62.0,7.0,0.0,6.0,58.0,0.0,0.0,13.0,328.0,5.0,88.0,4.0,63.0,24.0,166.0,110.0,0.0,0.0,0.0,336.0,15.0,0.0,271.0,0.0,605.0,0.0,64.0,10.0,0.0,32.0,0.0,0.0,44.0,37.0,0.0,0.0,3.0,91.0,0.0,0.0,6.0,0.0,0.0,0.0,20.0,0.0,0.0,0.0,0.0,0.0,6.0,0.0,0.0,204.0,0.0,0.0,0.0,0.0,0.0,0.0,484.0,24.0,0.0,0.0,0.0,0.0,0.0,0.0,0.0,0.0,0.0,0.0,0.0,0.0,0.0,0.0,0.0,16.0,0.0,0.0,0.0,0.0,0.0,512.0,30.0,0.0,0.0,0.0,0.0,0.0,0.0,0.0,0.0,0.0,0.0,0.0,0.0,0.0,0.0,0.0,0.0,293.0,WT,F,Sham,Vehicle,35d,PAN
